2018-11-05 07:00:08, with, /
2018-11-05 10:03:11, 26.2, 43.9
2018-11-05 10:03:21, 26.2, 41.8
2018-11-05 10:03:32, 26.2, 41.4
2018-11-05 10:03:42, 26.2, 41.2
2018-11-05 10:03:52, 26.2, 41.1
2018-11-05 10:04:02, 26.2, 41.0
2018-11-05 10:04:12, 26.2, 41.0
2018-11-05 10:04:22, 26.2, 41.0
2018-11-05 10:04:32, 26.2, 41.0
2018-11-05 10:04:43, 26.2, 40.9
2018-11-05 10:04:53, 26.2, 40.9
2018-11-05 10:05:03, 26.2, 40.9
2018-11-05 10:05:13, 26.2, 40.9
2018-11-05 10:05:23, 26.2, 40.9
2018-11-05 10:05:33, 26.2, 41.0
2018-11-05 10:05:43, 26.2, 41.0
2018-11-05 10:05:54, 26.2, 41.0
2018-11-05 10:06:04, 26.2, 41.0
2018-11-05 10:06:14, 26.2, 41.0
2018-11-05 10:06:24, 26.2, 41.0
2018-11-05 10:06:34, 26.1, 41.0
2018-11-05 10:06:44, 26.1, 41.0
2018-11-05 10:06:54, 26.1, 41.0
2018-11-05 10:07:04, 26.1, 41.1
2018-11-05 10:07:15, 26.1, 41.1
2018-11-05 10:07:25, 26.1, 41.1
2018-11-05 10:07:35, 26.1, 41.1
2018-11-05 10:07:45, 26.1, 41.1
2018-11-05 10:07:55, 26.0, 41.2
2018-11-05 10:08:05, 26.0, 41.2
2018-11-05 10:08:15, 26.0, 41.2
2018-11-05 10:08:26, 26.0, 41.2
2018-11-05 10:08:36, 26.0, 41.3
2018-11-05 10:08:46, 26.0, 41.3
2018-11-05 10:08:56, 26.0, 41.3
2018-11-05 10:09:06, 25.9, 41.3
2018-11-05 10:09:16, 25.9, 41.3
2018-11-05 10:09:26, 25.9, 41.4
2018-11-05 10:09:37, 25.9, 41.4
2018-11-05 10:09:47, 25.9, 41.4
2018-11-05 10:09:57, 25.9, 41.4
2018-11-05 10:10:07, 25.9, 41.5
2018-11-05 10:10:17, 25.9, 41.5
2018-11-05 10:10:27, 25.9, 41.5
2018-11-05 10:10:37, 25.9, 41.5
2018-11-05 10:10:47, 25.8, 41.5
2018-11-05 10:10:58, 25.8, 41.5
2018-11-05 10:11:08, 25.8, 41.6
2018-11-05 10:11:18, 25.8, 41.6
2018-11-05 10:11:28, 25.8, 41.6
2018-11-05 10:11:38, 25.8, 41.6
2018-11-05 10:11:48, 25.8, 41.6
2018-11-05 10:11:58, 25.8, 41.6
2018-11-05 10:12:09, 25.8, 41.7
2018-11-05 10:12:19, 25.7, 41.7
2018-11-05 10:12:29, 25.7, 41.7
2018-11-05 10:12:39, 25.7, 41.7
2018-11-05 10:12:49, 25.7, 41.7
2018-11-05 10:12:59, 25.7, 41.8
2018-11-05 10:13:09, 25.7, 41.8
2018-11-05 10:13:20, 25.7, 41.8
2018-11-05 10:13:30, 25.7, 41.8
2018-11-05 10:13:40, 25.7, 41.8
2018-11-05 10:13:50, 25.7, 41.8
2018-11-05 10:14:00, 25.7, 41.8
2018-11-05 10:14:10, 25.7, 41.8
2018-11-05 10:14:20, 25.6, 41.8
2018-11-05 10:14:31, 25.6, 41.8
2018-11-05 10:14:41, 25.7, 41.9
2018-11-05 10:14:51, 25.6, 41.9
2018-11-05 10:15:01, 25.6, 41.9
2018-11-05 10:15:11, 25.6, 41.9
2018-11-05 10:15:21, 25.6, 41.9
2018-11-05 10:15:31, 25.6, 41.9
2018-11-05 10:15:41, 25.6, 41.9
2018-11-05 10:15:52, 25.6, 41.9
2018-11-05 10:16:02, 25.6, 41.9
2018-11-05 10:16:12, 25.6, 41.9
2018-11-05 10:16:22, 25.6, 41.9
2018-11-05 10:16:32, 25.6, 41.9
2018-11-05 10:16:42, 25.6, 41.9
2018-11-05 10:16:53, 25.6, 42.0
2018-11-05 10:17:03, 25.6, 41.9
2018-11-05 10:17:13, 25.6, 42.0
2018-11-05 10:17:23, 25.6, 42.0
2018-11-05 10:17:33, 25.6, 42.0
2018-11-05 10:17:43, 25.6, 42.0
2018-11-05 10:17:54, 25.6, 42.0
2018-11-05 10:18:04, 25.5, 42.0
2018-11-05 10:18:14, 25.5, 42.0
2018-11-05 10:18:24, 25.5, 42.0
2018-11-05 10:18:34, 25.6, 42.0
2018-11-05 10:18:44, 25.5, 42.0
2018-11-05 10:18:54, 25.5, 42.0
2018-11-05 10:19:04, 25.5, 42.0
2018-11-05 10:19:15, 25.5, 42.0
2018-11-05 10:19:25, 25.5, 42.0
2018-11-05 10:19:35, 25.5, 42.0
2018-11-05 10:19:45, 25.5, 42.0
2018-11-05 10:19:55, 25.5, 42.0
2018-11-05 10:20:05, 25.5, 42.0
2018-11-05 10:20:15, 25.5, 42.0
2018-11-05 10:20:26, 25.5, 42.0
2018-11-05 10:20:36, 25.5, 42.0
2018-11-05 10:20:46, 25.5, 42.0
2018-11-05 10:20:56, 25.5, 42.0
2018-11-05 10:21:06, 25.5, 42.0
2018-11-05 10:21:17, 25.5, 42.1
2018-11-05 10:21:27, 25.5, 42.0
2018-11-05 10:21:37, 25.5, 42.0
2018-11-05 10:21:48, 25.5, 42.1
2018-11-05 10:21:58, 25.5, 42.1
2018-11-05 10:22:08, 25.5, 42.1
2018-11-05 10:22:18, 25.5, 42.0
2018-11-05 10:22:28, 25.5, 42.1
2018-11-05 10:22:38, 25.5, 42.1
2018-11-05 10:22:49, 25.5, 42.1
2018-11-05 10:22:59, 25.5, 42.1
2018-11-05 10:23:09, 25.4, 42.1
2018-11-05 10:23:19, 25.4, 42.1
2018-11-05 10:23:29, 25.4, 42.1
2018-11-05 10:23:40, 25.4, 42.1
2018-11-05 10:23:50, 25.4, 42.1
2018-11-05 10:24:00, 25.4, 42.1
2018-11-05 10:24:10, 25.4, 42.1
2018-11-05 10:24:20, 25.4, 42.1
2018-11-05 10:24:30, 25.4, 42.1
2018-11-05 10:24:41, 25.4, 42.1
2018-11-05 10:24:51, 25.4, 42.1
2018-11-05 10:25:01, 25.4, 42.1
2018-11-05 10:25:11, 25.4, 42.1
2018-11-05 10:25:21, 25.4, 42.1
2018-11-05 10:25:32, 25.4, 42.1
2018-11-05 10:25:42, 25.4, 42.1
2018-11-05 10:25:52, 25.4, 42.1
2018-11-05 10:26:02, 25.4, 42.1
2018-11-05 10:26:12, 25.4, 42.1
2018-11-05 10:26:22, 25.4, 42.1
2018-11-05 10:26:32, 25.4, 42.2
2018-11-05 10:26:42, 25.4, 42.2
2018-11-05 10:26:53, 25.3, 42.2
2018-11-05 10:27:03, 25.3, 42.2
2018-11-05 10:27:13, 25.3, 42.2
2018-11-05 10:27:23, 25.3, 42.2
2018-11-05 10:27:33, 25.3, 42.2
2018-11-05 10:27:43, 25.3, 42.2
2018-11-05 10:27:53, 25.3, 42.2
2018-11-05 10:28:04, 25.3, 42.2
2018-11-05 10:28:14, 25.3, 42.2
2018-11-05 10:28:24, 25.3, 42.2
2018-11-05 10:28:34, 25.3, 42.2
2018-11-05 10:28:44, 25.3, 42.2
2018-11-05 10:28:54, 25.3, 42.2
2018-11-05 10:29:04, 25.3, 42.2
2018-11-05 10:29:15, 25.3, 42.2
2018-11-05 10:29:25, 25.3, 42.2
2018-11-05 10:29:35, 25.3, 42.2
2018-11-05 10:29:45, 25.3, 42.2
2018-11-05 10:29:55, 25.3, 42.3
2018-11-05 10:30:05, 25.3, 42.3
2018-11-05 10:30:15, 25.2, 42.3
2018-11-05 10:30:26, 25.2, 42.3
2018-11-05 10:30:36, 25.3, 42.3
2018-11-05 10:30:46, 25.2, 42.3
2018-11-05 10:30:56, 25.2, 42.3
2018-11-05 10:31:06, 25.2, 42.3
2018-11-05 10:31:16, 25.2, 42.3
2018-11-05 10:31:26, 25.2, 42.3
2018-11-05 10:31:36, 25.2, 42.3
2018-11-05 10:31:47, 25.2, 42.3
2018-11-05 10:31:57, 25.2, 42.4
2018-11-05 10:32:07, 25.2, 42.4
2018-11-05 10:32:17, 25.2, 42.4
2018-11-05 10:32:27, 25.2, 42.4
2018-11-05 10:32:37, 25.2, 42.4
2018-11-05 10:32:47, 25.2, 42.4
2018-11-05 10:32:58, 25.2, 42.4
2018-11-05 10:33:08, 25.2, 42.4
2018-11-05 10:33:18, 25.2, 42.4
2018-11-05 10:33:28, 25.2, 42.4
2018-11-05 10:33:38, 25.2, 42.4
2018-11-05 10:33:48, 25.2, 42.4
2018-11-05 10:33:58, 25.1, 42.4
2018-11-05 10:34:09, 25.2, 42.5
2018-11-05 10:34:19, 25.1, 42.4
2018-11-05 10:34:29, 25.1, 42.5
2018-11-05 10:34:39, 25.1, 42.5
2018-11-05 10:34:49, 25.1, 42.5
2018-11-05 10:34:59, 25.1, 42.5
2018-11-05 10:35:09, 25.1, 42.5
2018-11-05 10:35:20, 25.1, 42.5
2018-11-05 10:35:30, 25.1, 42.5
2018-11-05 10:35:40, 25.1, 42.5
2018-11-05 10:35:50, 25.1, 42.6
2018-11-05 10:36:00, 25.1, 42.6
2018-11-05 10:36:10, 25.1, 42.6
2018-11-05 10:36:20, 25.1, 42.6
2018-11-05 10:36:30, 25.0, 42.6
2018-11-05 10:36:41, 25.0, 42.6
2018-11-05 10:36:51, 25.0, 42.6
2018-11-05 10:37:01, 25.0, 42.7
2018-11-05 10:37:11, 25.0, 42.7
2018-11-05 10:37:21, 25.0, 42.7
2018-11-05 10:37:31, 25.0, 42.7
2018-11-05 10:37:41, 25.0, 42.7
2018-11-05 10:37:52, 25.0, 42.7
2018-11-05 10:38:02, 25.0, 42.7
2018-11-05 10:38:12, 25.0, 42.7
2018-11-05 10:38:22, 25.0, 42.7
2018-11-05 10:38:32, 25.0, 42.7
2018-11-05 10:38:42, 25.0, 42.7
2018-11-05 10:38:52, 25.0, 42.8
2018-11-05 10:39:03, 25.0, 42.7
2018-11-05 10:39:13, 25.0, 42.8
2018-11-05 10:39:23, 25.0, 42.8
2018-11-05 10:39:33, 25.0, 42.8
2018-11-05 10:39:43, 25.0, 42.8
2018-11-05 10:39:53, 25.0, 42.8
2018-11-05 10:40:03, 25.0, 42.8
2018-11-05 10:40:14, 25.0, 42.8
2018-11-05 10:40:24, 24.9, 42.8
2018-11-05 10:40:34, 24.9, 42.8
2018-11-05 10:40:44, 24.9, 42.8
2018-11-05 10:40:54, 24.9, 42.8
2018-11-05 10:41:04, 24.9, 42.8
2018-11-05 10:41:14, 24.9, 42.8
2018-11-05 10:41:24, 24.9, 42.8
2018-11-05 10:41:35, 24.9, 42.8
2018-11-05 10:41:45, 24.9, 42.8
2018-11-05 10:41:55, 24.9, 42.8
2018-11-05 10:42:05, 24.9, 42.8
2018-11-05 10:42:15, 24.9, 42.8
2018-11-05 10:42:25, 24.9, 42.8
2018-11-05 10:42:35, 24.9, 42.8
2018-11-05 10:42:46, 24.9, 42.8
2018-11-05 10:42:56, 24.9, 42.8
2018-11-05 10:43:06, 24.9, 42.9
2018-11-05 10:43:16, 24.9, 42.9
2018-11-05 10:43:26, 24.9, 42.8
2018-11-05 10:43:36, 24.9, 42.9
2018-11-05 10:43:46, 24.9, 42.9
2018-11-05 10:43:57, 24.9, 42.9
2018-11-05 10:44:07, 24.9, 42.9
2018-11-05 10:44:17, 24.9, 42.9
2018-11-05 10:44:27, 24.9, 42.8
2018-11-05 10:44:37, 24.9, 42.9
2018-11-05 10:44:47, 24.9, 42.9
2018-11-05 10:44:57, 24.9, 42.9
2018-11-05 10:45:08, 24.9, 42.9
2018-11-05 10:45:18, 24.9, 42.9
2018-11-05 10:45:28, 24.9, 42.9
2018-11-05 10:45:38, 24.9, 42.9
2018-11-05 10:45:48, 24.9, 42.9
2018-11-05 10:45:58, 24.9, 42.9
2018-11-05 10:46:09, 24.9, 42.9
2018-11-05 10:46:19, 24.9, 42.9
2018-11-05 10:46:29, 24.9, 42.9
2018-11-05 10:46:39, 24.9, 42.9
2018-11-05 10:46:49, 24.9, 42.9
2018-11-05 10:46:59, 24.9, 42.9
2018-11-05 10:47:10, 24.9, 42.9
2018-11-05 10:47:20, 24.9, 42.9
2018-11-05 10:47:30, 24.9, 42.9
2018-11-05 10:47:40, 24.9, 42.9
2018-11-05 10:47:50, 24.9, 42.9
2018-11-05 10:48:00, 24.9, 42.9
2018-11-05 10:48:10, 24.9, 42.9
2018-11-05 10:48:21, 24.9, 42.9
2018-11-05 10:48:31, 24.9, 42.9
2018-11-05 10:48:41, 24.9, 42.9
2018-11-05 10:48:51, 24.9, 42.9
2018-11-05 10:49:04, 24.9, 42.8
2018-11-05 10:49:14, 24.9, 42.8
2018-11-05 10:49:24, 24.9, 42.8
2018-11-05 10:49:34, 24.9, 42.8
2018-11-05 10:49:44, 24.8, 42.8
2018-11-05 10:49:55, 24.8, 42.8
2018-11-05 10:50:05, 24.8, 42.8
2018-11-05 10:50:15, 24.8, 42.9
2018-11-05 10:50:25, 24.8, 42.8
2018-11-05 10:50:35, 24.9, 42.9
2018-11-05 10:50:45, 24.8, 42.8
2018-11-05 10:50:55, 24.8, 42.9
2018-11-05 10:51:06, 24.8, 42.9
2018-11-05 10:51:16, 24.8, 42.9
2018-11-05 10:51:26, 24.8, 42.9
2018-11-05 10:51:36, 24.8, 42.9
2018-11-05 10:51:46, 24.8, 42.9
2018-11-05 10:51:56, 24.8, 42.9
2018-11-05 10:52:06, 24.8, 42.9
2018-11-05 10:52:16, 24.8, 42.9
2018-11-05 10:52:27, 24.8, 42.9
2018-11-05 10:52:37, 24.8, 42.9
2018-11-05 10:52:47, 24.8, 42.9
2018-11-05 10:52:57, 24.8, 42.9
2018-11-05 10:53:07, 24.8, 42.9
2018-11-05 10:53:17, 24.8, 42.9
2018-11-05 10:53:27, 24.8, 42.9
2018-11-05 10:53:38, 24.8, 42.9
2018-11-05 10:53:48, 24.8, 42.9
2018-11-05 10:53:58, 24.8, 42.9
2018-11-05 10:54:08, 24.8, 42.9
2018-11-05 10:54:18, 24.8, 42.9
2018-11-05 10:54:28, 24.8, 42.9
2018-11-05 10:54:38, 24.7, 42.9
2018-11-05 10:54:49, 24.8, 42.9
2018-11-05 10:54:59, 24.8, 42.9
2018-11-05 10:55:09, 24.8, 42.9
2018-11-05 10:55:19, 24.8, 42.9
2018-11-05 10:55:29, 24.7, 42.9
2018-11-05 10:55:39, 24.7, 42.9
2018-11-05 10:55:49, 24.7, 42.9
2018-11-05 10:56:00, 24.7, 42.9
2018-11-05 10:56:10, 24.7, 42.9
2018-11-05 10:56:20, 24.7, 43.0
2018-11-05 10:56:30, 24.7, 43.0
2018-11-05 10:56:40, 24.7, 42.9
2018-11-05 10:56:50, 24.7, 43.0
2018-11-05 10:57:00, 24.7, 43.0
2018-11-05 10:57:10, 24.7, 43.0
2018-11-05 10:57:21, 24.7, 42.9
2018-11-05 10:57:31, 24.7, 43.0
2018-11-05 10:57:41, 24.7, 43.0
2018-11-05 10:57:51, 24.7, 43.0
2018-11-05 10:58:01, 24.7, 43.0
2018-11-05 10:58:11, 24.7, 43.0
2018-11-05 10:58:21, 24.7, 43.0
2018-11-05 10:58:32, 24.7, 43.1
2018-11-05 10:58:42, 24.7, 43.1
2018-11-05 10:58:52, 24.7, 43.1
2018-11-05 10:59:02, 24.6, 43.1
2018-11-05 10:59:12, 24.6, 43.1
2018-11-05 10:59:22, 24.6, 43.1
2018-11-05 10:59:32, 24.6, 43.1
2018-11-05 10:59:43, 24.6, 43.2
2018-11-05 10:59:53, 24.6, 43.2
2018-11-05 11:00:03, 24.6, 43.2
2018-11-05 11:00:13, 24.6, 43.2
2018-11-05 11:00:23, 24.6, 43.2
2018-11-05 11:00:33, 24.6, 43.3
2018-11-05 11:00:44, 24.6, 43.3
2018-11-05 11:00:54, 24.6, 43.3
2018-11-05 11:01:04, 24.6, 43.3
2018-11-05 11:01:14, 24.6, 43.3
2018-11-05 11:01:24, 24.6, 43.3
2018-11-05 11:01:35, 24.6, 43.3
2018-11-05 11:01:45, 24.6, 43.4
2018-11-05 11:01:56, 24.6, 43.4
2018-11-05 11:02:06, 24.6, 43.4
2018-11-05 11:02:16, 24.6, 43.4
2018-11-05 11:02:26, 24.6, 43.4
2018-11-05 11:02:36, 24.6, 43.4
2018-11-05 11:02:46, 24.5, 43.5
2018-11-05 11:02:57, 24.5, 43.5
2018-11-05 11:03:07, 24.5, 43.5
2018-11-05 11:03:17, 24.5, 43.5
2018-11-05 11:03:27, 24.5, 43.5
2018-11-05 11:03:37, 24.5, 43.5
2018-11-05 11:03:47, 24.5, 43.5
2018-11-05 11:03:57, 24.5, 43.5
2018-11-05 11:04:08, 24.5, 43.5
2018-11-05 11:04:18, 24.5, 43.5
2018-11-05 11:04:28, 24.5, 43.5
2018-11-05 11:04:38, 24.5, 43.5
2018-11-05 11:04:48, 24.5, 43.6
2018-11-05 11:04:58, 24.5, 43.6
2018-11-05 11:05:08, 24.5, 43.6
2018-11-05 11:05:19, 24.5, 43.6
2018-11-05 11:05:29, 24.5, 43.6
2018-11-05 11:05:39, 24.5, 43.6
2018-11-05 11:05:49, 24.5, 43.6
2018-11-05 11:05:59, 24.5, 43.6
2018-11-05 11:06:09, 24.5, 43.6
2018-11-05 11:06:19, 24.5, 43.6
2018-11-05 11:06:29, 24.5, 43.6
2018-11-05 11:06:40, 24.5, 43.6
2018-11-05 11:06:50, 24.4, 43.6
2018-11-05 11:07:00, 24.4, 43.6
2018-11-05 11:07:10, 24.4, 43.6
2018-11-05 11:07:20, 24.4, 43.6
2018-11-05 11:07:30, 24.4, 43.6
2018-11-05 11:07:40, 24.4, 43.6
2018-11-05 11:07:51, 24.4, 43.6
2018-11-05 11:08:01, 24.4, 43.6
2018-11-05 11:08:11, 24.4, 43.6
2018-11-05 11:08:21, 24.4, 43.6
2018-11-05 11:08:31, 24.4, 43.6
2018-11-05 11:08:41, 24.4, 43.6
2018-11-05 11:08:51, 24.4, 43.6
2018-11-05 11:09:02, 24.4, 43.7
2018-11-05 11:09:12, 24.4, 43.6
2018-11-05 11:09:22, 24.4, 43.6
2018-11-05 11:09:32, 24.4, 43.6
2018-11-05 11:09:42, 24.4, 43.6
2018-11-05 11:09:52, 24.4, 43.6
2018-11-05 11:10:02, 24.4, 43.6
2018-11-05 11:10:12, 24.4, 43.6
2018-11-05 11:10:23, 24.4, 43.6
2018-11-05 11:10:33, 24.4, 43.7
2018-11-05 11:10:43, 24.4, 43.6
2018-11-05 11:10:53, 24.4, 43.7
2018-11-05 11:11:03, 24.4, 43.6
2018-11-05 11:11:13, 24.4, 43.7
2018-11-05 11:11:23, 24.4, 43.7
2018-11-05 11:11:34, 24.4, 43.7
2018-11-05 11:11:44, 24.4, 43.6
2018-11-05 11:11:54, 24.4, 43.6
2018-11-05 11:12:04, 24.4, 43.7
2018-11-05 11:12:14, 24.4, 43.7
2018-11-05 11:12:24, 24.4, 43.7
2018-11-05 11:12:34, 24.4, 43.7
2018-11-05 11:12:45, 24.4, 43.7
2018-11-05 11:12:55, 24.4, 43.7
2018-11-05 11:13:05, 24.4, 43.7
2018-11-05 11:13:15, 24.4, 43.7
2018-11-05 11:13:25, 24.4, 43.7
2018-11-05 11:13:35, 24.4, 43.7
2018-11-05 11:13:45, 24.4, 43.7
2018-11-05 11:13:56, 24.4, 43.7
2018-11-05 11:14:06, 24.4, 43.7
2018-11-05 11:14:16, 24.4, 43.7
2018-11-05 11:14:26, 24.4, 43.7
2018-11-05 11:14:36, 24.4, 43.7
2018-11-05 11:14:46, 24.4, 43.7
2018-11-05 11:14:56, 24.4, 43.7
2018-11-05 11:15:06, 24.4, 43.7
2018-11-05 11:15:17, 24.4, 43.7
2018-11-05 11:15:27, 24.4, 43.7
2018-11-05 11:15:37, 24.4, 43.7
2018-11-05 11:15:47, 24.4, 43.7
2018-11-05 11:15:57, 24.4, 43.7
2018-11-05 11:16:07, 24.4, 43.7
2018-11-05 11:16:17, 24.4, 43.7
2018-11-05 11:16:28, 24.4, 43.7
2018-11-05 11:16:38, 24.4, 43.7
2018-11-05 11:16:48, 24.4, 43.7
2018-11-05 11:16:58, 24.4, 43.7
2018-11-05 11:17:08, 24.4, 43.8
2018-11-05 11:17:18, 24.4, 43.8
2018-11-05 11:17:28, 24.4, 43.8
2018-11-05 11:17:39, 24.4, 43.8
2018-11-05 11:17:49, 24.4, 43.8
2018-11-05 11:17:59, 24.4, 43.8
2018-11-05 11:18:09, 24.4, 43.7
2018-11-05 11:18:20, 24.4, 43.8
2018-11-05 11:18:30, 24.4, 43.8
2018-11-05 11:18:40, 24.4, 43.8
2018-11-05 11:18:51, 24.4, 43.8
2018-11-05 11:19:01, 24.4, 43.8
2018-11-05 11:19:11, 24.3, 43.8
2018-11-05 11:19:21, 24.3, 43.8
2018-11-05 11:19:31, 24.3, 43.8
2018-11-05 11:19:41, 24.3, 43.8
2018-11-05 11:19:51, 24.3, 43.8
2018-11-05 11:20:02, 24.3, 43.8
2018-11-05 11:20:12, 24.3, 43.8
2018-11-05 11:20:22, 24.3, 43.8
2018-11-05 11:20:32, 24.3, 43.8
2018-11-05 11:20:42, 24.3, 43.9
2018-11-05 11:20:52, 24.3, 43.8
2018-11-05 11:21:02, 24.3, 43.8
2018-11-05 11:21:13, 24.3, 43.8
2018-11-05 11:21:23, 24.3, 43.9
2018-11-05 11:21:33, 24.3, 43.9
2018-11-05 11:21:43, 24.3, 43.9
2018-11-05 11:21:53, 24.3, 43.9
2018-11-05 11:22:03, 24.3, 43.9
2018-11-05 11:22:13, 24.3, 43.9
2018-11-05 11:22:24, 24.3, 43.9
2018-11-05 11:22:34, 24.3, 43.9
2018-11-05 11:22:44, 24.3, 43.9
2018-11-05 11:22:54, 24.2, 43.9
2018-11-05 11:23:04, 24.2, 43.9
2018-11-05 11:23:14, 24.2, 43.9
2018-11-05 11:23:24, 24.2, 43.9
2018-11-05 11:23:35, 24.2, 43.9
2018-11-05 11:23:45, 24.2, 43.9
2018-11-05 11:23:55, 24.2, 43.9
2018-11-05 11:24:05, 24.2, 43.9
2018-11-05 11:24:15, 24.2, 43.9
2018-11-05 11:24:25, 24.2, 44.0
2018-11-05 11:24:35, 24.2, 44.0
2018-11-05 11:24:45, 24.2, 44.0
2018-11-05 11:24:56, 24.2, 44.0
2018-11-05 11:25:06, 24.2, 44.0
2018-11-05 11:25:16, 24.2, 44.0
2018-11-05 11:25:26, 24.2, 44.0
2018-11-05 11:25:36, 24.2, 44.0
2018-11-05 11:25:46, 24.2, 44.0
2018-11-05 11:25:56, 24.2, 44.0
2018-11-05 11:26:07, 24.2, 44.0
2018-11-05 11:26:17, 24.1, 44.0
2018-11-05 11:26:27, 24.1, 44.0
2018-11-05 11:26:37, 24.1, 44.0
2018-11-05 11:26:47, 24.1, 44.1
2018-11-05 11:26:57, 24.1, 44.1
2018-11-05 11:27:08, 24.1, 44.0
2018-11-05 11:27:18, 24.1, 44.1
2018-11-05 11:27:28, 24.1, 44.1
2018-11-05 11:27:38, 24.1, 44.1
2018-11-05 11:27:48, 24.1, 44.1
2018-11-05 11:27:58, 24.1, 44.1
2018-11-05 11:28:08, 24.1, 44.1
2018-11-05 11:28:19, 24.1, 44.1
2018-11-05 11:28:29, 24.1, 44.1
2018-11-05 11:28:39, 24.1, 44.1
2018-11-05 11:28:49, 24.1, 44.0
2018-11-05 11:28:59, 24.1, 44.1
2018-11-05 11:29:09, 24.1, 44.1
2018-11-05 11:29:19, 24.1, 44.0
2018-11-05 11:29:30, 24.1, 44.1
2018-11-05 11:29:40, 24.1, 44.1
2018-11-05 11:29:50, 24.1, 44.0
2018-11-05 11:30:00, 24.1, 44.0
2018-11-05 11:30:10, 24.1, 44.0
2018-11-05 11:30:20, 24.1, 44.0
2018-11-05 11:30:30, 24.1, 44.0
2018-11-05 11:30:41, 24.1, 44.0
2018-11-05 11:30:51, 24.1, 44.0
2018-11-05 11:31:01, 24.1, 44.0
2018-11-05 11:31:11, 24.1, 44.0
2018-11-05 11:31:21, 24.1, 44.0
2018-11-05 11:31:31, 24.1, 44.0
2018-11-05 11:31:41, 24.1, 44.0
2018-11-05 11:31:51, 24.1, 44.0
2018-11-05 11:32:02, 24.1, 44.0
2018-11-05 11:32:12, 24.1, 44.0
2018-11-05 11:32:22, 24.1, 44.0
2018-11-05 11:32:32, 24.1, 44.0
2018-11-05 11:32:42, 24.1, 44.0
2018-11-05 11:32:52, 24.1, 44.0
2018-11-05 11:33:02, 24.1, 44.0
2018-11-05 11:33:13, 24.1, 44.0
2018-11-05 11:33:23, 24.1, 44.0
2018-11-05 11:33:33, 24.1, 44.0
2018-11-05 11:33:43, 24.1, 44.0
2018-11-05 11:33:53, 24.1, 44.0
2018-11-05 11:34:03, 24.1, 44.0
2018-11-05 11:34:13, 24.1, 44.0
2018-11-05 11:34:24, 24.0, 44.0
2018-11-05 11:34:34, 24.0, 44.0
2018-11-05 11:34:44, 24.1, 44.0
2018-11-05 11:34:54, 24.0, 44.0
2018-11-05 11:35:04, 24.0, 44.0
2018-11-05 11:35:14, 24.0, 44.0
2018-11-05 11:35:24, 24.0, 44.0
2018-11-05 11:35:34, 24.1, 44.0
2018-11-05 11:35:45, 24.1, 44.0
2018-11-05 11:35:55, 24.1, 44.0
2018-11-05 11:36:05, 24.1, 44.0
2018-11-05 11:36:15, 24.1, 44.0
2018-11-05 11:36:25, 24.1, 44.0
2018-11-05 11:36:35, 24.0, 44.0
2018-11-05 11:36:45, 24.1, 44.0
2018-11-05 11:36:56, 24.1, 44.0
2018-11-05 11:37:06, 24.1, 44.0
2018-11-05 11:37:16, 24.0, 44.0
2018-11-05 11:37:26, 24.1, 44.0
2018-11-05 11:37:36, 24.0, 44.0
2018-11-05 11:37:46, 24.1, 44.0
2018-11-05 11:37:57, 24.1, 44.0
2018-11-05 11:38:07, 24.1, 43.9
2018-11-05 11:38:17, 24.0, 44.0
2018-11-05 11:38:27, 24.1, 44.0
2018-11-05 11:38:37, 24.1, 44.0
2018-11-05 11:38:47, 24.1, 44.0
2018-11-05 11:38:57, 24.1, 44.0
2018-11-05 11:39:08, 24.1, 44.0
2018-11-05 11:39:18, 24.1, 44.0
2018-11-05 11:39:28, 24.1, 44.0
2018-11-05 11:39:38, 24.0, 44.0
2018-11-05 11:39:48, 24.1, 44.0
2018-11-05 11:39:58, 24.0, 44.0
2018-11-05 11:40:08, 24.0, 44.0
2018-11-05 11:40:18, 24.0, 44.0
2018-11-05 11:40:29, 24.0, 44.0
2018-11-05 11:40:39, 24.1, 44.0
2018-11-05 11:40:49, 24.0, 44.0
2018-11-05 11:40:59, 24.0, 44.0
2018-11-05 11:41:09, 24.0, 44.0
2018-11-05 11:41:20, 24.0, 44.0
2018-11-05 11:41:30, 24.0, 44.0
2018-11-05 11:41:40, 24.0, 44.0
2018-11-05 11:41:50, 24.0, 44.0
2018-11-05 11:42:00, 24.0, 44.0
2018-11-05 11:42:10, 24.0, 44.0
2018-11-05 11:42:20, 24.0, 44.0
2018-11-05 11:42:30, 24.0, 44.0
2018-11-05 11:42:41, 24.0, 44.0
2018-11-05 11:42:51, 24.0, 44.0
2018-11-05 11:43:01, 24.0, 44.0
2018-11-05 11:43:11, 24.0, 44.0
2018-11-05 11:43:21, 24.0, 44.0
2018-11-05 11:43:31, 24.0, 44.0
2018-11-05 11:43:41, 24.0, 44.1
2018-11-05 11:43:52, 24.0, 44.1
2018-11-05 11:44:02, 24.0, 44.1
2018-11-05 11:44:12, 24.0, 44.1
2018-11-05 11:44:22, 24.0, 44.1
2018-11-05 11:44:32, 24.0, 44.1
2018-11-05 11:44:42, 24.0, 44.1
2018-11-05 11:44:52, 24.0, 44.1
2018-11-05 11:45:03, 24.0, 44.1
2018-11-05 11:45:13, 24.0, 44.1
2018-11-05 11:45:23, 24.0, 44.1
2018-11-05 11:45:33, 24.0, 44.1
2018-11-05 11:45:43, 24.0, 44.1
2018-11-05 11:45:53, 24.0, 44.1
2018-11-05 11:46:03, 24.0, 44.1
2018-11-05 11:46:14, 24.0, 44.2
2018-11-05 11:46:24, 24.0, 44.2
2018-11-05 11:46:34, 24.0, 44.2
2018-11-05 11:46:44, 23.9, 44.2
2018-11-05 11:46:54, 24.0, 44.2
2018-11-05 11:47:04, 23.9, 44.2
2018-11-05 11:47:14, 23.9, 44.2
2018-11-05 11:47:25, 23.9, 44.2
2018-11-05 11:47:35, 23.9, 44.2
2018-11-05 11:47:45, 23.9, 44.2
2018-11-05 11:47:55, 23.9, 44.2
2018-11-05 11:48:05, 23.9, 44.2
2018-11-05 11:48:15, 23.9, 44.2
2018-11-05 11:48:25, 23.9, 44.2
2018-11-05 11:48:35, 23.9, 44.3
2018-11-05 11:48:46, 23.9, 44.3
2018-11-05 11:48:56, 23.9, 44.3
2018-11-05 11:49:06, 23.9, 44.3
2018-11-05 11:49:16, 23.9, 44.3
2018-11-05 11:49:26, 23.9, 44.3
2018-11-05 11:49:36, 23.9, 44.3
2018-11-05 11:49:46, 23.9, 44.3
2018-11-05 11:49:57, 23.9, 44.3
2018-11-05 11:50:07, 23.9, 44.3
2018-11-05 11:50:17, 23.9, 44.3
2018-11-05 11:50:27, 23.8, 44.3
2018-11-05 11:50:37, 23.9, 44.4
2018-11-05 11:50:47, 23.8, 44.4
2018-11-05 11:50:57, 23.8, 44.4
2018-11-05 11:51:08, 23.8, 44.4
2018-11-05 11:51:18, 23.8, 44.4
2018-11-05 11:51:28, 23.8, 44.4
2018-11-05 11:51:39, 23.8, 44.4
2018-11-05 11:51:49, 23.8, 44.4
2018-11-05 11:51:59, 23.8, 44.4
2018-11-05 11:52:09, 23.8, 44.4
2018-11-05 11:52:20, 23.8, 44.4
2018-11-05 11:52:30, 23.8, 44.4
2018-11-05 11:52:40, 23.8, 44.4
2018-11-05 11:52:50, 23.8, 44.4
2018-11-05 11:53:00, 23.8, 44.4
2018-11-05 11:53:10, 23.8, 44.4
2018-11-05 11:53:20, 23.8, 44.4
2018-11-05 11:53:30, 23.8, 44.4
2018-11-05 11:53:41, 23.8, 44.4
2018-11-05 11:53:51, 23.8, 44.4
2018-11-05 11:54:01, 23.8, 44.4
2018-11-05 11:54:11, 23.8, 44.4
2018-11-05 11:54:21, 23.8, 44.4
2018-11-05 11:54:31, 23.8, 44.4
2018-11-05 11:54:41, 23.8, 44.5
2018-11-05 11:54:52, 23.8, 44.4
2018-11-05 11:55:02, 23.8, 44.4
2018-11-05 11:55:12, 23.8, 44.4
2018-11-05 11:55:22, 23.8, 44.5
2018-11-05 11:55:32, 23.8, 44.5
2018-11-05 11:55:42, 23.8, 44.5
2018-11-05 11:55:52, 23.8, 44.5
2018-11-05 11:56:03, 23.8, 44.5
2018-11-05 11:56:13, 23.8, 44.5
2018-11-05 11:56:23, 23.8, 44.5
2018-11-05 11:56:33, 23.8, 44.5
2018-11-05 11:56:43, 23.8, 44.5
2018-11-05 11:56:53, 23.8, 44.5
2018-11-05 11:57:03, 23.8, 44.5
2018-11-05 11:57:13, 23.7, 44.5
2018-11-05 11:57:24, 23.8, 44.5
2018-11-05 11:57:34, 23.7, 44.5
2018-11-05 11:57:44, 23.8, 44.5
2018-11-05 11:57:54, 23.8, 44.5
2018-11-05 11:58:04, 23.8, 44.5
2018-11-05 11:58:14, 23.8, 44.5
2018-11-05 11:58:24, 23.8, 44.5
2018-11-05 11:58:35, 23.8, 44.5
2018-11-05 11:58:45, 23.8, 44.5
2018-11-05 11:58:55, 23.8, 44.5
2018-11-05 11:59:05, 23.8, 44.5
2018-11-05 11:59:16, 23.8, 44.5
2018-11-05 11:59:26, 23.8, 44.5
2018-11-05 11:59:36, 23.8, 44.4
2018-11-05 11:59:46, 23.8, 44.4
2018-11-05 11:59:56, 23.8, 44.4
2018-11-05 12:00:06, 23.8, 44.4
2018-11-05 12:00:16, 23.8, 44.4
2018-11-05 12:00:27, 23.8, 44.4
2018-11-05 12:00:37, 23.8, 44.4
2018-11-05 12:00:47, 23.8, 44.4
2018-11-05 12:00:57, 23.8, 44.4
2018-11-05 12:01:07, 23.8, 44.4
2018-11-05 12:01:17, 23.8, 44.4
2018-11-05 12:01:27, 23.8, 44.4
2018-11-05 12:01:37, 23.8, 44.4
2018-11-05 12:01:48, 23.8, 44.4
2018-11-05 12:01:58, 23.8, 44.4
2018-11-05 12:02:08, 23.8, 44.4
2018-11-05 12:02:18, 23.8, 44.4
2018-11-05 12:02:28, 23.8, 44.3
2018-11-05 12:02:38, 23.8, 44.4
2018-11-05 12:02:49, 23.8, 44.4
2018-11-05 12:02:59, 23.8, 44.4
2018-11-05 12:03:09, 23.8, 44.3
2018-11-05 12:03:19, 23.8, 44.3
2018-11-05 12:03:29, 23.8, 44.3
2018-11-05 12:03:39, 23.8, 44.3
2018-11-05 12:03:49, 23.8, 44.3
2018-11-05 12:04:00, 23.8, 44.3
2018-11-05 12:04:10, 23.8, 44.3
2018-11-05 12:04:20, 23.8, 44.3
2018-11-05 12:04:30, 23.8, 44.3
2018-11-05 12:04:40, 23.8, 44.3
2018-11-05 12:04:50, 23.8, 44.3
2018-11-05 12:05:00, 23.8, 44.3
2018-11-05 12:05:11, 23.8, 44.3
2018-11-05 12:05:21, 23.8, 44.3
2018-11-05 12:05:31, 23.8, 44.3
2018-11-05 12:05:41, 23.8, 44.3
2018-11-05 12:05:51, 23.8, 44.3
2018-11-05 12:06:01, 23.8, 44.3
2018-11-05 12:06:11, 23.8, 44.3
2018-11-05 12:06:22, 23.8, 44.3
2018-11-05 12:06:32, 23.8, 44.3
2018-11-05 12:06:42, 23.8, 44.3
2018-11-05 12:06:52, 23.7, 44.3
2018-11-05 12:07:02, 23.8, 44.3
2018-11-05 12:07:12, 23.8, 44.3
2018-11-05 12:07:22, 23.8, 44.3
2018-11-05 12:07:33, 23.7, 44.3
2018-11-05 12:07:43, 23.7, 44.3
2018-11-05 12:07:53, 23.8, 44.3
2018-11-05 12:08:03, 23.7, 44.3
2018-11-05 12:08:13, 23.7, 44.3
2018-11-05 12:08:23, 23.7, 44.3
2018-11-05 12:08:33, 23.7, 44.3
2018-11-05 12:08:43, 23.7, 44.3
2018-11-05 12:08:54, 23.7, 44.3
2018-11-05 12:09:04, 23.7, 44.3
2018-11-05 12:09:14, 23.7, 44.3
2018-11-05 12:09:24, 23.7, 44.3
2018-11-05 12:09:34, 23.7, 44.3
2018-11-05 12:09:44, 23.7, 44.3
2018-11-05 12:09:54, 23.7, 44.3
2018-11-05 12:10:05, 23.7, 44.3
2018-11-05 12:10:15, 23.7, 44.3
2018-11-05 12:10:25, 23.7, 44.3
2018-11-05 12:10:35, 23.7, 44.3
2018-11-05 12:10:45, 23.7, 44.3
2018-11-05 12:10:55, 23.7, 44.3
2018-11-05 12:11:05, 23.7, 44.3
2018-11-05 12:11:16, 23.7, 44.4
2018-11-05 12:11:26, 23.7, 44.4
2018-11-05 12:11:36, 23.7, 44.4
2018-11-05 12:11:46, 23.7, 44.3
2018-11-05 12:11:56, 23.7, 44.4
2018-11-05 12:12:06, 23.7, 44.4
2018-11-05 12:12:16, 23.7, 44.4
2018-11-05 12:12:27, 23.7, 44.4
2018-11-05 12:12:37, 23.7, 44.4
2018-11-05 12:12:47, 23.7, 44.4
2018-11-05 12:12:57, 23.7, 44.4
2018-11-05 12:13:07, 23.7, 44.4
2018-11-05 12:13:17, 23.6, 44.4
2018-11-05 12:13:28, 23.6, 44.4
2018-11-05 12:13:38, 23.6, 44.5
2018-11-05 12:13:48, 23.6, 44.4
2018-11-05 12:13:58, 23.6, 44.4
2018-11-05 12:14:08, 23.6, 44.4
2018-11-05 12:14:18, 23.6, 44.4
2018-11-05 12:14:28, 23.6, 44.4
2018-11-05 12:14:39, 23.6, 44.4
2018-11-05 12:14:49, 23.6, 44.5
2018-11-05 12:14:59, 23.6, 44.5
2018-11-05 12:15:09, 23.6, 44.5
2018-11-05 12:15:19, 23.6, 44.5
2018-11-05 12:15:29, 23.6, 44.5
2018-11-05 12:15:40, 23.6, 44.5
2018-11-05 12:15:50, 23.6, 44.5
2018-11-05 12:16:00, 23.6, 44.6
2018-11-05 12:16:10, 23.6, 44.6
2018-11-05 12:16:20, 23.6, 44.6
2018-11-05 12:16:30, 23.6, 44.6
2018-11-05 12:16:41, 23.6, 44.6
2018-11-05 12:16:51, 23.6, 44.6
2018-11-05 12:17:01, 23.6, 44.6
2018-11-05 12:17:11, 23.6, 44.6
2018-11-05 12:17:21, 23.6, 44.6
2018-11-05 12:17:32, 23.6, 44.6
2018-11-05 12:17:42, 23.6, 44.6
2018-11-05 12:17:52, 23.6, 44.6
2018-11-05 12:18:02, 23.6, 44.6
2018-11-05 12:18:12, 23.5, 44.6
2018-11-05 12:18:22, 23.5, 44.6
2018-11-05 12:18:32, 23.5, 44.6
2018-11-05 12:18:43, 23.5, 44.6
2018-11-05 12:18:53, 23.5, 44.6
2018-11-05 12:19:03, 23.5, 44.6
2018-11-05 12:19:13, 23.5, 44.7
2018-11-05 12:19:23, 23.5, 44.6
2018-11-05 12:19:33, 23.5, 44.7
2018-11-05 12:19:43, 23.5, 44.7
2018-11-05 12:19:54, 23.5, 44.7
2018-11-05 12:20:04, 23.5, 44.7
2018-11-05 12:20:14, 23.5, 44.7
2018-11-05 12:20:24, 23.5, 44.7
2018-11-05 12:20:34, 23.5, 44.7
2018-11-05 12:20:44, 23.5, 44.7
2018-11-05 12:20:55, 23.5, 44.7
2018-11-05 12:21:05, 23.5, 44.7
2018-11-05 12:21:15, 23.5, 44.7
2018-11-05 12:21:25, 23.5, 44.7
2018-11-05 12:21:35, 23.5, 44.7
2018-11-05 12:21:45, 23.5, 44.7
2018-11-05 12:21:56, 23.5, 44.7
2018-11-05 12:22:06, 23.5, 44.7
2018-11-05 12:22:16, 23.5, 44.7
2018-11-05 12:22:26, 23.5, 44.7
2018-11-05 12:22:36, 23.5, 44.7
2018-11-05 12:22:46, 23.5, 44.7
2018-11-05 12:22:57, 23.5, 44.7
2018-11-05 12:23:07, 23.5, 44.7
2018-11-05 12:23:17, 23.5, 44.7
2018-11-05 12:23:27, 23.5, 44.7
2018-11-05 12:23:37, 23.5, 44.8
2018-11-05 12:23:47, 23.5, 44.8
2018-11-05 12:23:57, 23.5, 44.7
2018-11-05 12:24:08, 23.5, 44.8
2018-11-05 12:24:18, 23.5, 44.8
2018-11-05 12:24:28, 23.5, 44.7
2018-11-05 12:24:38, 23.5, 44.8
2018-11-05 12:24:48, 23.5, 44.8
2018-11-05 12:24:58, 23.5, 44.8
2018-11-05 12:25:08, 23.5, 44.7
2018-11-05 12:25:19, 23.5, 44.8
2018-11-05 12:25:29, 23.5, 44.8
2018-11-05 12:25:39, 23.5, 44.7
2018-11-05 12:25:49, 23.5, 44.7
2018-11-05 12:25:59, 23.5, 44.7
2018-11-05 12:26:09, 23.5, 44.7
2018-11-05 12:26:20, 23.5, 44.7
2018-11-05 12:26:30, 23.5, 44.7
2018-11-05 12:26:40, 23.5, 44.7
2018-11-05 12:26:50, 23.5, 44.7
2018-11-05 12:27:00, 23.5, 44.7
2018-11-05 12:27:10, 23.5, 44.8
2018-11-05 12:27:20, 23.5, 44.7
2018-11-05 12:27:31, 23.5, 44.7
2018-11-05 12:27:41, 23.5, 44.7
2018-11-05 12:27:51, 23.5, 44.7
2018-11-05 12:28:01, 23.5, 44.7
2018-11-05 12:28:11, 23.5, 44.7
2018-11-05 12:28:21, 23.5, 44.7
2018-11-05 12:28:31, 23.5, 44.7
2018-11-05 12:28:41, 23.5, 44.7
2018-11-05 12:28:52, 23.5, 44.7
2018-11-05 12:29:02, 23.5, 44.7
2018-11-05 12:29:12, 23.5, 44.7
2018-11-05 12:29:22, 23.5, 44.7
2018-11-05 12:29:32, 23.5, 44.7
2018-11-05 12:29:42, 23.5, 44.7
2018-11-05 12:29:52, 23.5, 44.7
2018-11-05 12:30:03, 23.5, 44.7
2018-11-05 12:30:13, 23.5, 44.7
2018-11-05 12:30:23, 23.5, 44.7
2018-11-05 12:30:33, 23.5, 44.8
2018-11-05 12:30:43, 23.5, 44.7
2018-11-05 12:30:54, 23.5, 44.7
2018-11-05 12:31:04, 23.5, 44.7
2018-11-05 12:31:14, 23.5, 44.7
2018-11-05 12:31:24, 23.5, 44.8
2018-11-05 12:31:34, 23.5, 44.8
2018-11-05 12:31:44, 23.5, 44.7
2018-11-05 12:31:54, 23.5, 44.8
2018-11-05 12:32:04, 23.5, 44.8
2018-11-05 12:32:15, 23.5, 44.8
2018-11-05 12:32:25, 23.5, 44.8
2018-11-05 12:32:35, 23.5, 44.8
2018-11-05 12:32:45, 23.5, 44.8
2018-11-05 12:32:55, 23.5, 44.7
2018-11-05 12:33:05, 23.5, 44.8
2018-11-05 12:33:15, 23.5, 44.8
2018-11-05 12:33:26, 23.5, 44.8
2018-11-05 12:33:36, 23.5, 44.8
2018-11-05 12:33:46, 23.5, 44.8
2018-11-05 12:33:56, 23.5, 44.8
2018-11-05 12:34:06, 23.5, 44.8
2018-11-05 12:34:16, 23.5, 44.8
2018-11-05 12:34:26, 23.5, 44.8
2018-11-05 12:34:37, 23.5, 44.8
2018-11-05 12:34:47, 23.5, 44.8
2018-11-05 12:34:57, 23.5, 44.9
2018-11-05 12:35:07, 23.5, 44.9
2018-11-05 12:35:17, 23.5, 44.9
2018-11-05 12:35:27, 23.5, 44.9
2018-11-05 12:35:37, 23.5, 44.9
2018-11-05 12:35:48, 23.5, 44.9
2018-11-05 12:35:58, 23.5, 44.9
2018-11-05 12:36:08, 23.5, 44.9
2018-11-05 12:36:18, 23.5, 44.9
2018-11-05 12:36:28, 23.5, 44.9
2018-11-05 12:36:38, 23.5, 45.0
2018-11-05 12:36:48, 23.5, 45.0
2018-11-05 12:36:58, 23.5, 45.0
2018-11-05 12:37:09, 23.5, 45.0
2018-11-05 12:37:19, 23.5, 45.0
2018-11-05 12:37:29, 23.5, 45.0
2018-11-05 12:37:39, 23.4, 45.0
2018-11-05 12:37:49, 23.5, 45.0
2018-11-05 12:38:00, 23.4, 45.0
2018-11-05 12:38:10, 23.4, 45.0
2018-11-05 12:38:20, 23.4, 45.0
2018-11-05 12:38:30, 23.4, 45.0
2018-11-05 12:38:40, 23.4, 45.0
2018-11-05 12:38:50, 23.4, 45.0
2018-11-05 12:39:00, 23.4, 45.0
2018-11-05 12:39:11, 23.4, 45.0
2018-11-05 12:39:21, 23.4, 45.1
2018-11-05 12:39:31, 23.4, 45.1
2018-11-05 12:39:41, 23.4, 45.1
2018-11-05 12:39:51, 23.4, 45.1
2018-11-05 12:40:04, 23.4, 45.1
2018-11-05 12:40:14, 23.4, 45.1
2018-11-05 12:40:24, 23.4, 45.1
2018-11-05 12:40:34, 23.4, 45.1
2018-11-05 12:40:44, 23.4, 45.1
2018-11-05 12:40:55, 23.4, 45.1
2018-11-05 12:41:05, 23.4, 45.1
2018-11-05 12:41:15, 23.4, 45.1
2018-11-05 12:41:25, 23.4, 45.1
2018-11-05 12:41:35, 23.4, 45.1
2018-11-05 12:41:45, 23.4, 45.1
2018-11-05 12:41:55, 23.4, 45.1
2018-11-05 12:42:06, 23.4, 45.1
2018-11-05 12:42:16, 23.4, 45.1
2018-11-05 12:42:26, 23.4, 45.1
2018-11-05 12:42:36, 23.4, 45.1
2018-11-05 12:42:46, 23.4, 45.1
2018-11-05 12:42:56, 23.4, 45.1
2018-11-05 12:43:06, 23.4, 45.1
2018-11-05 12:43:17, 23.4, 45.1
2018-11-05 12:43:27, 23.4, 45.1
2018-11-05 12:43:37, 23.4, 45.1
2018-11-05 12:43:47, 23.4, 45.1
2018-11-05 12:43:57, 23.4, 45.1
2018-11-05 12:44:08, 23.4, 45.1
2018-11-05 12:44:18, 23.4, 45.1
2018-11-05 12:44:28, 23.4, 45.1
2018-11-05 12:44:38, 23.3, 45.1
2018-11-05 12:44:48, 23.3, 45.1
2018-11-05 12:44:58, 23.4, 45.1
2018-11-05 12:45:08, 23.4, 45.1
2018-11-05 12:45:18, 23.4, 45.1
2018-11-05 12:45:29, 23.4, 45.1
2018-11-05 12:45:39, 23.3, 45.1
2018-11-05 12:45:49, 23.3, 45.1
2018-11-05 12:45:59, 23.4, 45.1
2018-11-05 12:46:09, 23.3, 45.1
2018-11-05 12:46:19, 23.3, 45.1
2018-11-05 12:46:29, 23.3, 45.1
2018-11-05 12:46:40, 23.4, 45.1
2018-11-05 12:46:50, 23.4, 45.1
2018-11-05 12:47:00, 23.4, 45.1
2018-11-05 12:47:10, 23.4, 45.1
2018-11-05 12:47:20, 23.4, 45.1
2018-11-05 12:47:30, 23.4, 45.1
2018-11-05 12:47:40, 23.4, 45.1
2018-11-05 12:47:51, 23.4, 45.1
2018-11-05 12:48:01, 23.4, 45.1
2018-11-05 12:48:11, 23.4, 45.0
2018-11-05 12:48:21, 23.4, 45.1
2018-11-05 12:48:31, 23.4, 45.1
2018-11-05 12:48:41, 23.4, 45.1
2018-11-05 12:48:51, 23.4, 45.1
2018-11-05 12:49:01, 23.4, 45.1
2018-11-05 12:49:12, 23.4, 45.1
2018-11-05 12:49:22, 23.4, 45.1
2018-11-05 12:49:32, 23.4, 45.1
2018-11-05 12:49:42, 23.4, 45.1
2018-11-05 12:49:52, 23.4, 45.1
2018-11-05 12:50:02, 23.4, 45.1
2018-11-05 12:50:12, 23.4, 45.1
2018-11-05 12:50:23, 23.4, 45.1
2018-11-05 12:50:33, 23.4, 45.0
2018-11-05 12:50:43, 23.4, 45.0
2018-11-05 12:50:53, 23.4, 45.0
2018-11-05 12:51:03, 23.4, 45.0
2018-11-05 12:51:13, 23.4, 45.0
2018-11-05 12:51:23, 23.4, 45.1
2018-11-05 12:51:34, 23.4, 45.1
2018-11-05 12:51:44, 23.4, 45.1
2018-11-05 12:51:54, 23.4, 45.2
2018-11-05 12:52:04, 23.4, 45.1
2018-11-05 12:52:14, 23.4, 45.1
2018-11-05 12:52:24, 23.4, 45.1
2018-11-05 12:52:34, 23.4, 45.1
2018-11-05 12:52:45, 23.4, 45.1
2018-11-05 12:52:55, 23.4, 45.1
2018-11-05 12:53:05, 23.4, 45.1
2018-11-05 12:53:15, 23.4, 45.1
2018-11-05 12:53:25, 23.4, 45.1
2018-11-05 12:53:35, 23.4, 45.1
2018-11-05 12:53:45, 23.4, 45.1
2018-11-05 12:53:56, 23.4, 45.1
2018-11-05 12:54:06, 23.4, 45.1
2018-11-05 12:54:16, 23.4, 45.1
2018-11-05 12:54:26, 23.4, 45.1
2018-11-05 12:54:36, 23.4, 45.1
2018-11-05 12:54:46, 23.4, 45.1
2018-11-05 12:54:56, 23.4, 45.1
2018-11-05 12:55:06, 23.4, 45.1
2018-11-05 12:55:17, 23.4, 45.1
2018-11-05 12:55:27, 23.4, 45.1
2018-11-05 12:55:37, 23.4, 45.1
2018-11-05 12:55:47, 23.4, 45.1
2018-11-05 12:55:57, 23.4, 45.1
2018-11-05 12:56:07, 23.4, 45.1
2018-11-05 12:56:17, 23.4, 45.1
2018-11-05 12:56:28, 23.4, 45.1
2018-11-05 12:56:38, 23.4, 45.1
2018-11-05 12:56:48, 23.4, 45.2
2018-11-05 12:56:58, 23.4, 45.2
2018-11-05 12:57:08, 23.4, 45.2
2018-11-05 12:57:18, 23.4, 45.2
2018-11-05 12:57:28, 23.4, 45.2
2018-11-05 12:57:39, 23.4, 45.2
2018-11-05 12:57:49, 23.4, 45.2
2018-11-05 12:57:59, 23.4, 45.2
2018-11-05 12:58:09, 23.4, 45.2
2018-11-05 12:58:19, 23.4, 45.2
2018-11-05 12:58:29, 23.4, 45.2
2018-11-05 12:58:39, 23.4, 45.2
2018-11-05 12:58:50, 23.4, 45.2
2018-11-05 12:59:00, 23.4, 45.3
2018-11-05 12:59:10, 23.4, 45.2
2018-11-05 12:59:20, 23.4, 45.3
2018-11-05 12:59:30, 23.4, 45.3
2018-11-05 12:59:40, 23.4, 45.3
2018-11-05 12:59:51, 23.4, 45.3
2018-11-05 13:00:01, 23.4, 45.3
2018-11-05 13:00:11, 23.4, 45.3
2018-11-05 13:00:21, 23.4, 45.3
2018-11-05 13:00:31, 23.4, 45.3
2018-11-05 13:00:41, 23.4, 45.3
2018-11-05 13:00:51, 23.4, 45.3
2018-11-05 13:01:02, 23.4, 45.3
2018-11-05 13:01:12, 23.4, 45.3
2018-11-05 13:01:22, 23.4, 45.4
2018-11-05 13:01:32, 23.4, 45.4
2018-11-05 13:01:42, 23.4, 45.4
2018-11-05 13:01:52, 23.4, 45.4
2018-11-05 13:02:02, 23.4, 45.4
2018-11-05 13:02:13, 23.4, 45.4
2018-11-05 13:02:23, 23.4, 45.4
2018-11-05 13:02:33, 23.4, 45.4
2018-11-05 13:02:43, 23.3, 45.4
2018-11-05 13:02:53, 23.3, 45.4
2018-11-05 13:03:03, 23.3, 45.4
2018-11-05 13:03:13, 23.3, 45.4
2018-11-05 13:03:23, 23.3, 45.4
2018-11-05 13:03:34, 23.3, 45.5
2018-11-05 13:03:44, 23.3, 45.5
2018-11-05 13:03:54, 23.3, 45.5
2018-11-05 13:04:04, 23.3, 45.5
2018-11-05 13:04:14, 23.3, 45.5
2018-11-05 13:04:24, 23.3, 45.5
2018-11-05 13:04:34, 23.3, 45.5
2018-11-05 13:04:45, 23.3, 45.6
2018-11-05 13:04:55, 23.3, 45.5
2018-11-05 13:05:05, 23.3, 45.6
2018-11-05 13:05:15, 23.3, 45.6
2018-11-05 13:05:25, 23.3, 45.6
2018-11-05 13:05:35, 23.3, 45.6
2018-11-05 13:05:45, 23.3, 45.6
2018-11-05 13:05:56, 23.3, 45.6
2018-11-05 13:06:06, 23.3, 45.6
2018-11-05 13:06:16, 23.3, 45.6
2018-11-05 13:06:26, 23.3, 45.6
2018-11-05 13:06:36, 23.3, 45.6
2018-11-05 13:06:46, 23.3, 45.6
2018-11-05 13:06:56, 23.3, 45.6
2018-11-05 13:07:07, 23.3, 45.6
2018-11-05 13:07:17, 23.3, 45.6
2018-11-05 13:07:27, 23.3, 45.6
2018-11-05 13:07:37, 23.3, 45.6
2018-11-05 13:07:47, 23.3, 45.6
2018-11-05 13:07:57, 23.3, 45.6
2018-11-05 13:08:08, 23.3, 45.6
2018-11-05 13:08:18, 23.3, 45.6
2018-11-05 13:08:28, 23.3, 45.6
2018-11-05 13:08:38, 23.3, 45.7
2018-11-05 13:08:49, 23.3, 45.6
2018-11-05 13:08:59, 23.3, 45.6
2018-11-05 13:09:09, 23.3, 45.6
2018-11-05 13:09:19, 23.3, 45.6
2018-11-05 13:09:29, 23.3, 45.6
2018-11-05 13:09:39, 23.3, 45.7
2018-11-05 13:09:49, 23.3, 45.6
2018-11-05 13:09:59, 23.3, 45.6
2018-11-05 13:10:10, 23.3, 45.6
2018-11-05 13:10:20, 23.3, 45.7
2018-11-05 13:10:30, 23.3, 45.6
2018-11-05 13:10:40, 23.3, 45.6
2018-11-05 13:10:50, 23.3, 45.7
2018-11-05 13:11:00, 23.3, 45.7
2018-11-05 13:11:11, 23.3, 45.7
2018-11-05 13:11:21, 23.3, 45.7
2018-11-05 13:11:31, 23.2, 45.6
2018-11-05 13:11:41, 23.2, 45.6
2018-11-05 13:11:51, 23.3, 45.6
2018-11-05 13:12:01, 23.3, 45.7
2018-11-05 13:12:11, 23.3, 45.7
2018-11-05 13:12:22, 23.3, 45.7
2018-11-05 13:12:32, 23.3, 45.7
2018-11-05 13:12:42, 23.3, 45.7
2018-11-05 13:12:52, 23.3, 45.7
2018-11-05 13:13:02, 23.3, 45.7
2018-11-05 13:13:12, 23.3, 45.7
2018-11-05 13:13:22, 23.3, 45.7
2018-11-05 13:13:33, 23.3, 45.6
2018-11-05 13:13:43, 23.3, 45.6
2018-11-05 13:13:53, 23.3, 45.6
2018-11-05 13:14:03, 23.3, 45.6
2018-11-05 13:14:13, 23.3, 45.6
2018-11-05 13:14:23, 23.3, 45.6
2018-11-05 13:14:33, 23.3, 45.6
2018-11-05 13:14:43, 23.3, 45.6
2018-11-05 13:14:54, 23.3, 45.6
2018-11-05 13:15:04, 23.3, 45.6
2018-11-05 13:15:14, 23.3, 45.6
2018-11-05 13:15:24, 23.3, 45.6
2018-11-05 13:15:34, 23.3, 45.6
2018-11-05 13:15:45, 23.3, 45.6
2018-11-05 13:15:55, 23.3, 45.6
2018-11-05 13:16:05, 23.3, 45.6
2018-11-05 13:16:15, 23.3, 45.6
2018-11-05 13:16:25, 23.3, 45.6
2018-11-05 13:16:35, 23.3, 45.5
2018-11-05 13:16:45, 23.3, 45.6
2018-11-05 13:16:55, 23.3, 45.5
2018-11-05 13:17:06, 23.3, 45.5
2018-11-05 13:17:16, 23.3, 45.5
2018-11-05 13:17:26, 23.3, 45.5
2018-11-05 13:17:36, 23.3, 45.5
2018-11-05 13:17:46, 23.3, 45.5
2018-11-05 13:17:56, 23.3, 45.5
2018-11-05 13:18:06, 23.3, 45.5
2018-11-05 13:18:17, 23.3, 45.5
2018-11-05 13:18:27, 23.3, 45.5
2018-11-05 13:18:37, 23.3, 45.5
2018-11-05 13:18:47, 23.3, 45.5
2018-11-05 13:18:57, 23.3, 45.5
2018-11-05 13:19:07, 23.3, 45.5
2018-11-05 13:19:17, 23.3, 45.5
2018-11-05 13:19:28, 23.3, 45.4
2018-11-05 13:19:38, 23.3, 45.5
2018-11-05 13:19:48, 23.3, 45.5
2018-11-05 13:19:58, 23.3, 45.5
2018-11-05 13:20:08, 23.3, 45.5
2018-11-05 13:20:18, 23.3, 45.4
2018-11-05 13:20:28, 23.3, 45.5
2018-11-05 13:20:39, 23.3, 45.5
2018-11-05 13:20:49, 23.3, 45.5
2018-11-05 13:20:59, 23.3, 45.5
2018-11-05 13:21:09, 23.3, 45.4
2018-11-05 13:21:19, 23.3, 45.5
2018-11-05 13:21:29, 23.3, 45.4
2018-11-05 13:21:39, 23.3, 45.5
2018-11-05 13:21:49, 23.3, 45.5
2018-11-05 13:22:00, 23.3, 45.5
2018-11-05 13:22:10, 23.3, 45.5
2018-11-05 13:22:20, 23.3, 45.5
2018-11-05 13:22:30, 23.3, 45.5
2018-11-05 13:22:40, 23.3, 45.5
2018-11-05 13:22:50, 23.3, 45.4
2018-11-05 13:23:00, 23.3, 45.5
2018-11-05 13:23:11, 23.3, 45.5
2018-11-05 13:23:21, 23.3, 45.5
2018-11-05 13:23:31, 23.3, 45.4
2018-11-05 13:23:41, 23.3, 45.5
2018-11-05 13:23:51, 23.3, 45.5
2018-11-05 13:24:01, 23.3, 45.5
2018-11-05 13:24:11, 23.3, 45.5
2018-11-05 13:24:22, 23.3, 45.4
2018-11-05 13:24:32, 23.3, 45.5
2018-11-05 13:24:42, 23.3, 45.4
2018-11-05 13:24:52, 23.2, 45.4
2018-11-05 13:25:02, 23.3, 45.4
2018-11-05 13:25:12, 23.3, 45.4
2018-11-05 13:25:22, 23.3, 45.5
2018-11-05 13:25:32, 23.2, 45.5
2018-11-05 13:25:43, 23.2, 45.4
2018-11-05 13:25:53, 23.2, 45.5
2018-11-05 13:26:03, 23.2, 45.5
2018-11-05 13:26:13, 23.2, 45.5
2018-11-05 13:26:23, 23.2, 45.5
2018-11-05 13:26:33, 23.2, 45.5
2018-11-05 13:26:43, 23.2, 45.5
2018-11-05 13:26:54, 23.2, 45.5
2018-11-05 13:27:04, 23.2, 45.5
2018-11-05 13:27:14, 23.2, 45.5
2018-11-05 13:27:24, 23.2, 45.5
2018-11-05 13:27:34, 23.2, 45.5
2018-11-05 13:27:44, 23.2, 45.5
2018-11-05 13:27:54, 23.2, 45.5
2018-11-05 13:28:05, 23.2, 45.5
2018-11-05 13:28:15, 23.2, 45.5
2018-11-05 13:28:25, 23.2, 45.5
2018-11-05 13:28:35, 23.2, 45.5
2018-11-05 13:28:45, 23.2, 45.5
2018-11-05 13:28:55, 23.2, 45.5
2018-11-05 13:29:05, 23.2, 45.5
2018-11-05 13:29:16, 23.2, 45.6
2018-11-05 13:29:26, 23.2, 45.5
2018-11-05 13:29:36, 23.2, 45.5
2018-11-05 13:29:46, 23.2, 45.6
2018-11-05 13:29:56, 23.2, 45.5
2018-11-05 13:30:06, 23.2, 45.5
2018-11-05 13:30:16, 23.2, 45.6
2018-11-05 13:30:26, 23.2, 45.6
2018-11-05 13:30:37, 23.2, 45.6
2018-11-05 13:30:47, 23.2, 45.6
2018-11-05 13:30:57, 23.2, 45.6
2018-11-05 13:31:07, 23.2, 45.5
2018-11-05 13:31:17, 23.2, 45.6
2018-11-05 13:31:28, 23.2, 45.6
2018-11-05 13:31:38, 23.2, 45.6
2018-11-05 13:31:48, 23.2, 45.6
2018-11-05 13:31:58, 23.2, 45.6
2018-11-05 13:32:08, 23.2, 45.6
2018-11-05 13:32:18, 23.1, 45.6
2018-11-05 13:32:28, 23.1, 45.6
2018-11-05 13:32:39, 23.2, 45.6
2018-11-05 13:32:49, 23.1, 45.6
2018-11-05 13:32:59, 23.1, 45.6
2018-11-05 13:33:09, 23.1, 45.6
2018-11-05 13:33:19, 23.1, 45.6
2018-11-05 13:33:29, 23.1, 45.6
2018-11-05 13:33:40, 23.1, 45.6
2018-11-05 13:33:50, 23.2, 45.6
2018-11-05 13:34:00, 23.1, 45.6
2018-11-05 13:34:10, 23.1, 45.6
2018-11-05 13:34:20, 23.1, 45.6
2018-11-05 13:34:30, 23.1, 45.6
2018-11-05 13:34:40, 23.1, 45.6
2018-11-05 13:34:51, 23.1, 45.6
2018-11-05 13:35:01, 23.1, 45.7
2018-11-05 13:35:11, 23.1, 45.7
2018-11-05 13:35:21, 23.1, 45.7
2018-11-05 13:35:31, 23.1, 45.7
2018-11-05 13:35:41, 23.1, 45.7
2018-11-05 13:35:51, 23.1, 45.7
2018-11-05 13:36:01, 23.1, 45.7
2018-11-05 13:36:12, 23.1, 45.7
2018-11-05 13:36:22, 23.1, 45.7
2018-11-05 13:36:32, 23.1, 45.7
2018-11-05 13:36:42, 23.1, 45.7
2018-11-05 13:36:52, 23.1, 45.7
2018-11-05 13:37:02, 23.1, 45.7
2018-11-05 13:37:12, 23.1, 45.7
2018-11-05 13:37:23, 23.1, 45.7
2018-11-05 13:37:33, 23.1, 45.7
2018-11-05 13:37:43, 23.1, 45.7
2018-11-05 13:37:53, 23.1, 45.7
2018-11-05 13:38:03, 23.1, 45.7
2018-11-05 13:38:13, 23.1, 45.7
2018-11-05 13:38:23, 23.1, 45.7
2018-11-05 13:38:34, 23.1, 45.7
2018-11-05 13:38:44, 23.1, 45.7
2018-11-05 13:38:54, 23.1, 45.7
2018-11-05 13:39:04, 23.2, 45.7
2018-11-05 13:39:14, 23.2, 45.7
2018-11-05 13:39:24, 23.1, 45.7
2018-11-05 13:39:35, 23.1, 45.7
2018-11-05 13:39:45, 23.2, 45.7
2018-11-05 13:39:55, 23.2, 45.7
2018-11-05 13:40:05, 23.2, 45.7
2018-11-05 13:40:15, 23.2, 45.7
2018-11-05 13:40:25, 23.2, 45.7
2018-11-05 13:40:35, 23.2, 45.7
2018-11-05 13:40:46, 23.2, 45.7
2018-11-05 13:40:56, 23.2, 45.7
2018-11-05 13:41:06, 23.2, 45.7
2018-11-05 13:41:16, 23.2, 45.7
2018-11-05 13:41:26, 23.2, 45.7
2018-11-05 13:41:36, 23.2, 45.7
2018-11-05 13:41:46, 23.2, 45.7
2018-11-05 13:41:57, 23.2, 45.7
2018-11-05 13:42:07, 23.2, 45.7
2018-11-05 13:42:17, 23.2, 45.7
2018-11-05 13:42:27, 23.2, 45.8
2018-11-05 13:42:37, 23.2, 45.8
2018-11-05 13:42:47, 23.2, 45.8
2018-11-05 13:42:58, 23.2, 45.8
2018-11-05 13:43:08, 23.2, 45.8
2018-11-05 13:43:18, 23.2, 45.8
2018-11-05 13:43:28, 23.2, 45.8
2018-11-05 13:43:38, 23.2, 45.8
2018-11-05 13:43:48, 23.2, 45.8
2018-11-05 13:43:58, 23.2, 45.8
2018-11-05 13:44:08, 23.2, 45.8
2018-11-05 13:44:19, 23.2, 45.8
2018-11-05 13:44:29, 23.2, 45.8
2018-11-05 13:44:39, 23.2, 45.8
2018-11-05 13:44:49, 23.2, 45.8
2018-11-05 13:44:59, 23.2, 45.8
2018-11-05 13:45:09, 23.2, 45.8
2018-11-05 13:45:19, 23.2, 45.8
2018-11-05 13:45:30, 23.2, 45.8
2018-11-05 13:45:40, 23.2, 45.8
2018-11-05 13:45:50, 23.2, 45.8
2018-11-05 13:46:00, 23.2, 45.8
2018-11-05 13:46:10, 23.2, 45.8
2018-11-05 13:46:20, 23.2, 45.9
2018-11-05 13:46:30, 23.2, 45.8
2018-11-05 13:46:41, 23.2, 45.9
2018-11-05 13:46:51, 23.2, 45.9
2018-11-05 13:47:01, 23.2, 45.9
2018-11-05 13:47:11, 23.2, 45.9
2018-11-05 13:47:21, 23.2, 45.9
2018-11-05 13:47:31, 23.2, 45.9
2018-11-05 13:47:42, 23.2, 45.9
2018-11-05 13:47:52, 23.2, 45.9
2018-11-05 13:48:02, 23.2, 45.9
2018-11-05 13:48:12, 23.2, 45.9
2018-11-05 13:48:22, 23.2, 45.9
2018-11-05 13:48:32, 23.2, 45.9
2018-11-05 13:48:42, 23.2, 45.9
2018-11-05 13:48:53, 23.2, 45.9
2018-11-05 13:49:03, 23.2, 45.9
2018-11-05 13:49:13, 23.2, 45.9
2018-11-05 13:49:23, 23.2, 45.9
2018-11-05 13:49:33, 23.2, 46.0
2018-11-05 13:49:43, 23.2, 45.9
2018-11-05 13:49:54, 23.2, 46.0
2018-11-05 13:50:04, 23.2, 46.0
2018-11-05 13:50:14, 23.2, 46.0
2018-11-05 13:50:24, 23.2, 46.0
2018-11-05 13:50:34, 23.2, 45.9
2018-11-05 13:50:44, 23.2, 46.0
2018-11-05 13:50:54, 23.2, 46.0
2018-11-05 13:51:05, 23.1, 46.0
2018-11-05 13:51:15, 23.1, 46.0
2018-11-05 13:51:25, 23.1, 46.0
2018-11-05 13:51:35, 23.1, 46.0
2018-11-05 13:51:45, 23.1, 46.0
2018-11-05 13:51:55, 23.1, 46.0
2018-11-05 13:52:05, 23.1, 46.0
2018-11-05 13:52:15, 23.1, 46.0
2018-11-05 13:52:26, 23.1, 46.1
2018-11-05 13:52:36, 23.1, 46.1
2018-11-05 13:52:46, 23.1, 46.1
2018-11-05 13:52:56, 23.1, 46.1
2018-11-05 13:53:06, 23.1, 46.1
2018-11-05 13:53:16, 23.1, 46.1
2018-11-05 13:53:26, 23.1, 46.1
2018-11-05 13:53:37, 23.1, 46.1
2018-11-05 13:53:47, 23.1, 46.1
2018-11-05 13:53:57, 23.1, 46.1
2018-11-05 13:54:07, 23.1, 46.1
2018-11-05 13:54:17, 23.1, 46.1
2018-11-05 13:54:28, 23.1, 46.1
2018-11-05 13:54:38, 23.1, 46.1
2018-11-05 13:54:48, 23.1, 46.1
2018-11-05 13:54:58, 23.1, 46.1
2018-11-05 13:55:08, 23.1, 46.1
2018-11-05 13:55:18, 23.1, 46.1
2018-11-05 13:55:28, 23.1, 46.2
2018-11-05 13:55:38, 23.1, 46.2
2018-11-05 13:55:49, 23.1, 46.2
2018-11-05 13:55:59, 23.1, 46.2
2018-11-05 13:56:09, 23.1, 46.2
2018-11-05 13:56:19, 23.1, 46.2
2018-11-05 13:56:29, 23.1, 46.2
2018-11-05 13:56:39, 23.1, 46.2
2018-11-05 13:56:49, 23.1, 46.2
2018-11-05 13:57:00, 23.1, 46.2
2018-11-05 13:57:10, 23.1, 46.2
2018-11-05 13:57:20, 23.1, 46.2
2018-11-05 13:57:30, 23.1, 46.2
2018-11-05 13:57:40, 23.1, 46.2
2018-11-05 13:57:50, 23.1, 46.2
2018-11-05 13:58:00, 23.1, 46.2
2018-11-05 13:58:11, 23.1, 46.2
2018-11-05 13:58:21, 23.1, 46.2
2018-11-05 13:58:31, 23.1, 46.1
2018-11-05 13:58:41, 23.1, 46.1
2018-11-05 13:58:51, 23.1, 46.1
2018-11-05 13:59:01, 23.1, 46.1
2018-11-05 13:59:11, 23.1, 46.1
2018-11-05 13:59:22, 23.1, 46.1
2018-11-05 13:59:32, 23.1, 46.1
2018-11-05 13:59:42, 23.1, 46.1
2018-11-05 13:59:52, 23.1, 46.1
