2018-09-20 00:00:00, 23.92, 46.43
2018-09-20 00:00:02, 23.88, 46.39
2018-09-20 00:00:03, 23.76, 46.44
2018-09-20 00:00:04, 23.86, 46.48
2018-09-20 00:00:06, 23.9, 46.46
2018-09-20 00:00:07, 23.9, 46.46
2018-09-20 00:00:08, 23.91, 46.46
2018-09-20 00:00:10, 23.9, 46.46
2018-09-20 00:00:11, 23.9, 46.43
2018-09-20 00:00:13, 23.9, 46.43
2018-09-20 00:00:14, 23.91, 46.39
2018-09-20 00:00:15, 23.92, 46.4
2018-09-20 00:00:17, 23.88, 46.39
2018-09-20 00:00:18, 23.92, 46.4
2018-09-20 00:00:19, 23.9, 46.39
2018-09-20 00:00:21, 23.92, 46.4
2018-09-20 00:00:22, 23.9, 46.39
2018-09-20 00:00:23, 23.76, 46.38
2018-09-20 00:00:25, 23.84, 46.45
2018-09-20 00:00:26, 23.86, 46.45
2018-09-20 00:00:28, 23.89, 46.46
2018-09-20 00:00:29, 23.9, 46.43
2018-09-20 00:00:30, 23.92, 46.43
2018-09-20 00:00:32, 23.9, 46.39
2018-09-20 00:00:33, 23.92, 46.43
2018-09-20 00:00:34, 23.92, 46.4
2018-09-20 00:00:36, 23.93, 46.4
2018-09-20 00:00:37, 23.93, 46.36
2018-09-20 00:00:38, 23.92, 46.36
2018-09-20 00:00:40, 23.92, 46.36
2018-09-20 00:00:41, 23.9, 46.33
2018-09-20 00:00:42, 23.92, 46.33
2018-09-20 00:00:44, 23.93, 46.33
2018-09-20 00:00:45, 23.93, 46.33
2018-09-20 00:00:47, 23.93, 46.33
2018-09-20 00:00:48, 23.94, 46.33
2018-09-20 00:00:49, 23.93, 46.33
2018-09-20 00:00:51, 23.95, 46.34
2018-09-20 00:00:52, 23.94, 46.33
2018-09-20 00:00:53, 23.94, 46.33
2018-09-20 00:00:55, 23.92, 46.33
2018-09-20 00:00:56, 23.94, 46.33
2018-09-20 00:00:57, 23.93, 46.33
2018-09-20 00:00:59, 23.94, 46.33
2018-09-20 00:01:00, 23.92, 46.33
2018-09-20 00:01:01, 23.93, 46.33
2018-09-20 00:01:03, 23.93, 46.3
2018-09-20 00:01:04, 23.92, 46.33
2018-09-20 00:01:06, 23.92, 46.33
2018-09-20 00:01:07, 23.93, 46.33
2018-09-20 00:01:08, 23.92, 46.33
2018-09-20 00:01:10, 23.94, 46.33
2018-09-20 00:01:11, 23.95, 46.34
2018-09-20 00:01:12, 23.94, 46.3
2018-09-20 00:01:14, 23.94, 46.33
2018-09-20 00:01:15, 23.92, 46.33
2018-09-20 00:01:16, 23.93, 46.3
2018-09-20 00:01:18, 23.94, 46.33
2018-09-20 00:01:19, 23.92, 46.33
2018-09-20 00:01:20, 23.93, 46.33
2018-09-20 00:01:22, 23.92, 46.33
2018-09-20 00:01:23, 23.94, 46.33
2018-09-20 00:01:25, 23.92, 46.33
2018-09-20 00:01:26, 23.95, 46.34
2018-09-20 00:01:27, 23.93, 46.33
2018-09-20 00:01:29, 23.94, 46.33
2018-09-20 00:01:30, 23.94, 46.33
2018-09-20 00:01:31, 23.95, 46.3
2018-09-20 00:01:33, 23.94, 46.3
2018-09-20 00:01:34, 23.96, 46.34
2018-09-20 00:01:35, 23.95, 46.34
2018-09-20 00:01:37, 23.94, 46.33
2018-09-20 00:01:38, 23.93, 46.33
2018-09-20 00:01:39, 23.94, 46.33
2018-09-20 00:01:41, 23.94, 46.33
2018-09-20 00:01:42, 23.93, 46.33
2018-09-20 00:01:44, 23.95, 46.34
2018-09-20 00:01:45, 23.94, 46.3
2018-09-20 00:01:46, 23.96, 46.3
2018-09-20 00:01:48, 23.93, 46.3
2018-09-20 00:01:49, 23.94, 46.33
2018-09-20 00:01:50, 23.94, 46.33
2018-09-20 00:01:52, 23.94, 46.3
2018-09-20 00:01:53, 23.92, 46.33
2018-09-20 00:01:54, 23.93, 46.3
2018-09-20 00:01:56, 23.94, 46.33
2018-09-20 00:01:57, 23.91, 46.33
2018-09-20 00:01:58, 23.94, 46.33
2018-09-20 00:02:00, 23.93, 46.33
2018-09-20 00:02:01, 23.92, 46.3
2018-09-20 00:02:03, 23.93, 46.33
2018-09-20 00:02:04, 23.94, 46.33
2018-09-20 00:02:05, 23.93, 46.33
2018-09-20 00:02:07, 23.93, 46.33
2018-09-20 00:02:08, 23.92, 46.33
2018-09-20 00:02:09, 23.9, 46.33
2018-09-20 00:02:11, 23.93, 46.33
2018-09-20 00:02:12, 23.92, 46.33
2018-09-20 00:02:13, 23.94, 46.33
2018-09-20 00:02:15, 23.92, 46.33
2018-09-20 00:02:16, 23.93, 46.33
2018-09-20 00:02:17, 23.92, 46.33
2018-09-20 00:02:19, 23.95, 46.34
2018-09-20 00:02:20, 23.91, 46.33
2018-09-20 00:02:22, 23.93, 46.33
2018-09-20 00:02:23, 23.92, 46.33
2018-09-20 00:02:24, 23.94, 46.33
2018-09-20 00:02:26, 23.93, 46.33
2018-09-20 00:02:27, 23.92, 46.33
2018-09-20 00:02:28, 23.91, 46.33
2018-09-20 00:02:30, 23.9, 46.33
2018-09-20 00:02:31, 23.85, 46.32
2018-09-20 00:02:32, 23.9, 46.36
2018-09-20 00:02:34, 23.92, 46.36
2018-09-20 00:02:35, 23.91, 46.36
2018-09-20 00:02:37, 23.91, 46.36
2018-09-20 00:02:38, 23.92, 46.33
2018-09-20 00:02:39, 23.92, 46.33
2018-09-20 00:02:41, 23.95, 46.34
2018-09-20 00:02:42, 23.93, 46.33
2018-09-20 00:02:43, 23.92, 46.33
2018-09-20 00:02:45, 23.91, 46.33
2018-09-20 00:02:46, 23.92, 46.33
2018-09-20 00:02:47, 23.91, 46.33
2018-09-20 00:02:49, 23.94, 46.33
2018-09-20 00:02:50, 23.92, 46.33
2018-09-20 00:02:51, 23.93, 46.33
2018-09-20 00:02:53, 23.93, 46.33
2018-09-20 00:02:54, 23.93, 46.33
2018-09-20 00:02:56, 23.95, 46.34
2018-09-20 00:02:57, 23.95, 46.34
2018-09-20 00:02:58, 23.95, 46.3
2018-09-20 00:03:00, 23.93, 46.3
2018-09-20 00:03:01, 23.95, 46.3
2018-09-20 00:03:02, 23.95, 46.3
2018-09-20 00:03:04, 23.96, 46.3
2018-09-20 00:03:05, 23.94, 46.33
2018-09-20 00:03:06, 23.96, 46.3
2018-09-20 00:03:08, 23.94, 46.3
2018-09-20 00:03:09, 23.94, 46.3
2018-09-20 00:03:10, 23.96, 46.3
2018-09-20 00:03:12, 23.94, 46.3
2018-09-20 00:03:13, 23.96, 46.3
2018-09-20 00:03:14, 23.94, 46.3
2018-09-20 00:03:16, 23.95, 46.3
2018-09-20 00:03:17, 23.95, 46.3
2018-09-20 00:03:19, 23.94, 46.27
2018-09-20 00:03:20, 23.95, 46.27
2018-09-20 00:03:21, 23.82, 46.32
2018-09-20 00:03:23, 23.92, 46.36
2018-09-20 00:03:24, 23.93, 46.36
2018-09-20 00:03:25, 23.94, 46.33
2018-09-20 00:03:27, 23.93, 46.33
2018-09-20 00:03:28, 23.95, 46.34
2018-09-20 00:03:29, 23.94, 46.33
2018-09-20 00:03:31, 23.85, 46.32
2018-09-20 00:03:32, 23.92, 46.36
2018-09-20 00:03:33, 23.94, 46.37
2018-09-20 00:03:35, 23.93, 46.36
2018-09-20 00:03:36, 23.94, 46.33
2018-09-20 00:03:38, 23.95, 46.34
2018-09-20 00:03:39, 23.94, 46.33
2018-09-20 00:03:40, 23.96, 46.3
2018-09-20 00:03:42, 23.94, 46.3
2018-09-20 00:03:43, 23.95, 46.3
2018-09-20 00:03:44, 23.94, 46.3
2018-09-20 00:03:46, 23.95, 46.3
2018-09-20 00:03:47, 23.95, 46.3
2018-09-20 00:03:48, 23.97, 46.31
2018-09-20 00:03:50, 23.95, 46.3
2018-09-20 00:03:51, 23.8, 46.32
2018-09-20 00:03:52, 23.92, 46.36
2018-09-20 00:03:54, 23.91, 46.36
2018-09-20 00:03:55, 23.94, 46.33
2018-09-20 00:03:56, 23.94, 46.33
2018-09-20 00:03:58, 23.95, 46.34
2018-09-20 00:03:59, 23.94, 46.33
2018-09-20 00:04:01, 23.83, 46.32
2018-09-20 00:04:02, 23.9, 46.36
2018-09-20 00:04:03, 23.92, 46.36
2018-09-20 00:04:05, 23.9, 46.33
2018-09-20 00:04:06, 23.95, 46.34
2018-09-20 00:04:07, 23.94, 46.33
2018-09-20 00:04:09, 23.95, 46.34
2018-09-20 00:04:10, 23.95, 46.34
2018-09-20 00:04:11, 23.95, 46.3
2018-09-20 00:04:13, 23.95, 46.3
2018-09-20 00:04:14, 23.96, 46.3
2018-09-20 00:04:15, 23.96, 46.27
2018-09-20 00:04:17, 23.94, 46.3
2018-09-20 00:04:18, 23.98, 46.27
2018-09-20 00:04:20, 23.96, 46.27
2018-09-20 00:04:21, 23.8, 46.28
2018-09-20 00:04:22, 23.91, 46.39
2018-09-20 00:04:24, 23.94, 46.4
2018-09-20 00:04:25, 23.94, 46.37
2018-09-20 00:04:26, 23.93, 46.36
2018-09-20 00:04:28, 23.96, 46.37
2018-09-20 00:04:29, 23.94, 46.33
2018-09-20 00:04:30, 23.82, 46.32
2018-09-20 00:04:32, 23.9, 46.36
2018-09-20 00:04:33, 23.94, 46.37
2018-09-20 00:04:34, 23.92, 46.36
2018-09-20 00:04:36, 23.94, 46.37
2018-09-20 00:04:37, 23.93, 46.33
2018-09-20 00:04:39, 23.94, 46.33
2018-09-20 00:04:40, 23.94, 46.33
2018-09-20 00:04:41, 23.95, 46.34
2018-09-20 00:04:43, 23.95, 46.3
2018-09-20 00:04:44, 23.95, 46.3
2018-09-20 00:04:45, 23.93, 46.3
2018-09-20 00:04:47, 23.96, 46.27
2018-09-20 00:04:48, 23.95, 46.3
2018-09-20 00:04:49, 23.96, 46.27
2018-09-20 00:04:51, 23.95, 46.27
2018-09-20 00:04:52, 23.96, 46.27
2018-09-20 00:04:53, 23.93, 46.27
2018-09-20 00:04:55, 23.96, 46.27
2018-09-20 00:04:56, 23.95, 46.27
2018-09-20 00:04:58, 23.96, 46.27
2018-09-20 00:04:59, 23.95, 46.27
2018-09-20 00:05:00, 23.83, 46.29
2018-09-20 00:05:02, 23.92, 46.33
2018-09-20 00:05:03, 23.92, 46.33
2018-09-20 00:05:04, 23.95, 46.34
2018-09-20 00:05:06, 23.94, 46.3
2018-09-20 00:05:07, 23.95, 46.34
2018-09-20 00:05:08, 23.96, 46.34
2018-09-20 00:05:10, 23.95, 46.3
2018-09-20 00:05:11, 23.93, 46.3
2018-09-20 00:05:12, 23.96, 46.3
2018-09-20 00:05:14, 23.96, 46.3
2018-09-20 00:05:15, 23.96, 46.27
2018-09-20 00:05:17, 23.97, 46.31
2018-09-20 00:05:18, 23.96, 46.27
2018-09-20 00:05:19, 23.96, 46.27
2018-09-20 00:05:21, 23.96, 46.27
2018-09-20 00:05:22, 23.96, 46.27
2018-09-20 00:05:23, 23.96, 46.27
2018-09-20 00:05:25, 23.98, 46.27
2018-09-20 00:05:26, 23.96, 46.27
2018-09-20 00:05:27, 23.97, 46.27
2018-09-20 00:05:29, 23.96, 46.27
2018-09-20 00:05:30, 23.97, 46.27
2018-09-20 00:05:31, 23.96, 46.27
2018-09-20 00:05:33, 23.96, 46.27
2018-09-20 00:05:34, 23.98, 46.27
2018-09-20 00:05:36, 23.96, 46.27
2018-09-20 00:05:37, 23.98, 46.27
2018-09-20 00:05:38, 23.95, 46.27
2018-09-20 00:05:40, 23.98, 46.27
2018-09-20 00:05:41, 23.97, 46.24
2018-09-20 00:05:42, 23.98, 46.27
2018-09-20 00:05:44, 23.96, 46.24
2018-09-20 00:05:45, 23.98, 46.24
2018-09-20 00:05:46, 23.96, 46.24
2018-09-20 00:05:48, 23.96, 46.24
2018-09-20 00:05:49, 23.91, 46.23
2018-09-20 00:05:50, 23.95, 46.24
2018-09-20 00:05:52, 23.96, 46.24
2018-09-20 00:05:53, 23.98, 46.24
2018-09-20 00:05:55, 23.9, 46.23
2018-09-20 00:05:56, 23.92, 46.27
2018-09-20 00:05:57, 23.96, 46.27
2018-09-20 00:05:59, 23.95, 46.27
2018-09-20 00:06:00, 23.97, 46.27
2018-09-20 00:06:01, 23.97, 46.27
2018-09-20 00:06:03, 23.97, 46.24
2018-09-20 00:06:04, 23.96, 46.21
2018-09-20 00:06:05, 23.97, 46.24
2018-09-20 00:06:07, 23.96, 46.24
2018-09-20 00:06:08, 23.96, 46.24
2018-09-20 00:06:10, 23.98, 46.21
2018-09-20 00:06:11, 23.96, 46.21
2018-09-20 00:06:12, 23.96, 46.24
2018-09-20 00:06:14, 23.97, 46.21
2018-09-20 00:06:15, 23.99, 46.21
2018-09-20 00:06:16, 23.96, 46.21
2018-09-20 00:06:18, 23.98, 46.21
2018-09-20 00:06:19, 23.87, 46.23
2018-09-20 00:06:20, 23.94, 46.24
2018-09-20 00:06:22, 23.96, 46.27
2018-09-20 00:06:23, 23.97, 46.27
2018-09-20 00:06:24, 23.85, 46.26
2018-09-20 00:06:26, 23.93, 46.3
2018-09-20 00:06:27, 23.96, 46.3
2018-09-20 00:06:29, 23.96, 46.27
2018-09-20 00:06:30, 23.97, 46.27
2018-09-20 00:06:31, 23.96, 46.27
2018-09-20 00:06:33, 23.97, 46.24
2018-09-20 00:06:34, 23.97, 46.24
2018-09-20 00:06:35, 23.98, 46.24
2018-09-20 00:06:37, 23.98, 46.21
2018-09-20 00:06:38, 23.97, 46.21
2018-09-20 00:06:39, 23.97, 46.21
2018-09-20 00:06:41, 23.98, 46.21
2018-09-20 00:06:42, 23.98, 46.21
2018-09-20 00:06:43, 23.98, 46.21
2018-09-20 00:06:45, 23.98, 46.21
2018-09-20 00:06:46, 23.97, 46.21
2018-09-20 00:06:48, 23.99, 46.21
2018-09-20 00:06:49, 23.84, 46.23
2018-09-20 00:06:50, 23.95, 46.27
2018-09-20 00:06:52, 23.95, 46.27
2018-09-20 00:06:53, 23.97, 46.27
2018-09-20 00:06:54, 23.82, 46.25
2018-09-20 00:06:56, 23.91, 46.33
2018-09-20 00:06:57, 23.95, 46.34
2018-09-20 00:06:58, 23.94, 46.3
2018-09-20 00:07:00, 23.97, 46.31
2018-09-20 00:07:01, 23.95, 46.27
2018-09-20 00:07:03, 23.97, 46.27
2018-09-20 00:07:04, 23.96, 46.27
2018-09-20 00:07:05, 23.97, 46.24
2018-09-20 00:07:07, 23.98, 46.24
2018-09-20 00:07:08, 23.98, 46.21
2018-09-20 00:07:09, 23.99, 46.21
2018-09-20 00:07:11, 23.96, 46.21
2018-09-20 00:07:12, 24.0, 46.21
2018-09-20 00:07:13, 23.99, 46.21
2018-09-20 00:07:15, 24.0, 46.21
2018-09-20 00:07:16, 23.98, 46.21
2018-09-20 00:07:17, 24.0, 46.21
2018-09-20 00:07:19, 23.82, 46.19
2018-09-20 00:07:20, 23.93, 46.27
2018-09-20 00:07:22, 23.96, 46.27
2018-09-20 00:07:23, 23.95, 46.27
2018-09-20 00:07:24, 23.99, 46.28
2018-09-20 00:07:26, 23.97, 46.24
2018-09-20 00:07:27, 24.0, 46.24
2018-09-20 00:07:28, 23.94, 46.24
2018-09-20 00:07:30, 23.98, 46.24
2018-09-20 00:07:31, 23.98, 46.21
2018-09-20 00:07:32, 23.98, 46.21
2018-09-20 00:07:34, 23.99, 46.21
2018-09-20 00:07:35, 23.98, 46.21
2018-09-20 00:07:37, 24.0, 46.21
2018-09-20 00:07:38, 23.98, 46.18
2018-09-20 00:07:39, 23.98, 46.21
2018-09-20 00:07:41, 23.98, 46.21
2018-09-20 00:07:42, 24.01, 46.18
2018-09-20 00:07:43, 24.0, 46.18
2018-09-20 00:07:45, 24.0, 46.18
2018-09-20 00:07:46, 24.01, 46.21
2018-09-20 00:07:47, 23.99, 46.18
2018-09-20 00:07:49, 24.02, 46.18
2018-09-20 00:07:50, 24.0, 46.18
2018-09-20 00:07:51, 24.01, 46.18
2018-09-20 00:07:53, 23.99, 46.18
2018-09-20 00:07:54, 24.01, 46.18
2018-09-20 00:07:56, 23.99, 46.18
2018-09-20 00:07:57, 24.01, 46.18
2018-09-20 00:07:58, 23.95, 46.17
2018-09-20 00:08:00, 23.99, 46.18
2018-09-20 00:08:01, 24.0, 46.21
2018-09-20 00:08:02, 24.0, 46.21
2018-09-20 00:08:04, 24.0, 46.21
2018-09-20 00:08:05, 23.98, 46.18
2018-09-20 00:08:06, 24.01, 46.18
2018-09-20 00:08:08, 24.0, 46.18
2018-09-20 00:08:09, 24.01, 46.18
2018-09-20 00:08:11, 24.02, 46.18
2018-09-20 00:08:12, 24.0, 46.15
2018-09-20 00:08:13, 24.02, 46.15
2018-09-20 00:08:15, 24.02, 46.15
2018-09-20 00:08:16, 24.02, 46.15
2018-09-20 00:08:17, 24.0, 46.15
2018-09-20 00:08:19, 24.03, 46.15
2018-09-20 00:08:20, 24.0, 46.15
2018-09-20 00:08:21, 24.03, 46.15
2018-09-20 00:08:23, 24.02, 46.15
2018-09-20 00:08:24, 24.02, 46.15
2018-09-20 00:08:25, 24.02, 46.15
2018-09-20 00:08:27, 24.04, 46.15
2018-09-20 00:08:28, 23.95, 46.14
2018-09-20 00:08:29, 24.01, 46.15
2018-09-20 00:08:31, 24.02, 46.15
2018-09-20 00:08:32, 24.0, 46.15
2018-09-20 00:08:34, 24.01, 46.15
2018-09-20 00:08:35, 24.01, 46.15
2018-09-20 00:08:36, 24.0, 46.15
2018-09-20 00:08:38, 24.02, 46.15
2018-09-20 00:08:39, 24.01, 46.15
2018-09-20 00:08:40, 24.02, 46.15
2018-09-20 00:08:42, 24.02, 46.15
2018-09-20 00:08:43, 24.03, 46.15
2018-09-20 00:08:44, 24.01, 46.15
2018-09-20 00:08:46, 24.02, 46.12
2018-09-20 00:08:47, 24.0, 46.15
2018-09-20 00:08:48, 24.02, 46.12
2018-09-20 00:08:50, 24.02, 46.15
2018-09-20 00:08:51, 24.02, 46.12
2018-09-20 00:08:52, 24.02, 46.12
2018-09-20 00:08:54, 24.02, 46.12
2018-09-20 00:08:55, 24.04, 46.12
2018-09-20 00:08:57, 24.03, 46.12
2018-09-20 00:08:58, 24.02, 46.12
2018-09-20 00:08:59, 24.03, 46.12
2018-09-20 00:09:01, 24.01, 46.12
2018-09-20 00:09:02, 24.03, 46.09
2018-09-20 00:09:03, 24.02, 46.09
2018-09-20 00:09:05, 24.03, 46.12
2018-09-20 00:09:06, 24.02, 46.09
2018-09-20 00:09:07, 24.0, 46.12
2018-09-20 00:09:09, 24.02, 46.12
2018-09-20 00:09:10, 24.03, 46.09
2018-09-20 00:09:11, 24.03, 46.09
2018-09-20 00:09:13, 24.02, 46.09
2018-09-20 00:09:14, 24.04, 46.09
2018-09-20 00:09:16, 24.02, 46.09
2018-09-20 00:09:17, 23.96, 46.08
2018-09-20 00:09:18, 24.0, 46.12
2018-09-20 00:09:20, 24.02, 46.12
2018-09-20 00:09:21, 24.01, 46.12
2018-09-20 00:09:22, 23.9, 46.1
2018-09-20 00:09:24, 23.99, 46.15
2018-09-20 00:09:25, 24.01, 46.15
2018-09-20 00:09:26, 24.01, 46.15
2018-09-20 00:09:28, 24.01, 46.15
2018-09-20 00:09:29, 24.01, 46.15
2018-09-20 00:09:30, 24.02, 46.15
2018-09-20 00:09:32, 24.03, 46.09
2018-09-20 00:09:33, 24.01, 46.12
2018-09-20 00:09:35, 24.03, 46.12
2018-09-20 00:09:36, 24.02, 46.12
2018-09-20 00:09:37, 24.04, 46.12
2018-09-20 00:09:39, 24.02, 46.12
2018-09-20 00:09:40, 24.02, 46.09
2018-09-20 00:09:41, 24.02, 46.12
2018-09-20 00:09:43, 24.03, 46.09
2018-09-20 00:09:44, 24.05, 46.09
2018-09-20 00:09:45, 24.04, 46.09
2018-09-20 00:09:47, 23.94, 46.08
2018-09-20 00:09:48, 24.0, 46.08
2018-09-20 00:09:49, 24.02, 46.12
2018-09-20 00:09:51, 24.0, 46.08
2018-09-20 00:09:52, 24.02, 46.15
2018-09-20 00:09:54, 24.02, 46.12
2018-09-20 00:09:55, 24.02, 46.09
2018-09-20 00:09:56, 24.02, 46.09
2018-09-20 00:09:58, 23.89, 46.07
2018-09-20 00:09:59, 24.01, 46.15
2018-09-20 00:10:00, 24.0, 46.15
2018-09-20 00:10:02, 24.03, 46.15
2018-09-20 00:10:03, 24.02, 46.12
2018-09-20 00:10:04, 24.04, 46.12
2018-09-20 00:10:06, 24.0, 46.12
2018-09-20 00:10:07, 24.02, 46.09
2018-09-20 00:10:08, 24.04, 46.09
2018-09-20 00:10:10, 24.03, 46.09
2018-09-20 00:10:11, 24.03, 46.09
2018-09-20 00:10:12, 24.01, 46.09
2018-09-20 00:10:14, 24.04, 46.09
2018-09-20 00:10:15, 24.03, 46.09
2018-09-20 00:10:17, 23.92, 46.11
2018-09-20 00:10:18, 24.0, 46.15
2018-09-20 00:10:19, 24.02, 46.15
2018-09-20 00:10:21, 24.02, 46.15
2018-09-20 00:10:22, 23.9, 46.14
2018-09-20 00:10:23, 24.0, 46.18
2018-09-20 00:10:25, 24.01, 46.18
2018-09-20 00:10:26, 24.02, 46.15
2018-09-20 00:10:27, 23.89, 46.17
2018-09-20 00:10:29, 23.98, 46.21
2018-09-20 00:10:30, 24.0, 46.21
2018-09-20 00:10:31, 24.01, 46.18
2018-09-20 00:10:33, 24.01, 46.18
2018-09-20 00:10:34, 24.02, 46.15
2018-09-20 00:10:35, 24.02, 46.15
2018-09-20 00:10:37, 24.03, 46.15
2018-09-20 00:10:38, 24.01, 46.12
2018-09-20 00:10:40, 24.04, 46.15
2018-09-20 00:10:41, 24.02, 46.12
2018-09-20 00:10:42, 24.04, 46.15
2018-09-20 00:10:44, 24.02, 46.09
2018-09-20 00:10:45, 24.04, 46.12
2018-09-20 00:10:46, 24.02, 46.12
2018-09-20 00:10:48, 24.04, 46.12
2018-09-20 00:10:49, 24.03, 46.09
2018-09-20 00:10:50, 24.04, 46.09
2018-09-20 00:10:52, 23.9, 46.1
2018-09-20 00:10:53, 23.98, 46.15
2018-09-20 00:10:54, 24.01, 46.15
2018-09-20 00:10:56, 24.02, 46.15
2018-09-20 00:10:57, 23.9, 46.14
2018-09-20 00:10:59, 23.97, 46.21
2018-09-20 00:11:00, 24.01, 46.18
2018-09-20 00:11:01, 24.01, 46.15
2018-09-20 00:11:03, 24.02, 46.15
2018-09-20 00:11:04, 24.02, 46.15
2018-09-20 00:11:05, 24.03, 46.15
2018-09-20 00:11:07, 24.0, 46.15
2018-09-20 00:11:08, 24.04, 46.12
2018-09-20 00:11:09, 24.02, 46.15
2018-09-20 00:11:11, 24.03, 46.12
2018-09-20 00:11:12, 24.03, 46.12
2018-09-20 00:11:13, 24.03, 46.09
2018-09-20 00:11:15, 24.04, 46.12
2018-09-20 00:11:16, 23.89, 46.13
2018-09-20 00:11:18, 23.99, 46.18
2018-09-20 00:11:19, 23.98, 46.21
2018-09-20 00:11:20, 24.02, 46.18
2018-09-20 00:11:22, 24.01, 46.15
2018-09-20 00:11:23, 24.02, 46.15
2018-09-20 00:11:24, 24.03, 46.15
2018-09-20 00:11:26, 24.03, 46.12
2018-09-20 00:11:27, 23.9, 46.14
2018-09-20 00:11:28, 23.98, 46.21
2018-09-20 00:11:30, 24.0, 46.18
2018-09-20 00:11:31, 24.0, 46.18
2018-09-20 00:11:32, 24.02, 46.18
2018-09-20 00:11:34, 24.0, 46.15
2018-09-20 00:11:35, 24.03, 46.15
2018-09-20 00:11:36, 24.01, 46.12
2018-09-20 00:11:38, 24.03, 46.12
2018-09-20 00:11:39, 24.02, 46.12
2018-09-20 00:11:41, 24.02, 46.12
2018-09-20 00:11:42, 24.04, 46.09
2018-09-20 00:11:43, 24.02, 46.09
2018-09-20 00:11:45, 24.03, 46.12
2018-09-20 00:11:46, 23.85, 46.13
2018-09-20 00:11:47, 23.98, 46.21
2018-09-20 00:11:49, 24.0, 46.21
2018-09-20 00:11:50, 24.0, 46.21
2018-09-20 00:11:51, 24.02, 46.18
2018-09-20 00:11:53, 24.0, 46.15
2018-09-20 00:11:54, 24.01, 46.15
2018-09-20 00:11:55, 24.01, 46.15
2018-09-20 00:11:57, 23.87, 46.13
2018-09-20 00:11:58, 23.98, 46.21
2018-09-20 00:12:00, 24.02, 46.22
2018-09-20 00:12:01, 23.99, 46.18
2018-09-20 00:12:02, 24.02, 46.18
2018-09-20 00:12:04, 24.01, 46.18
2018-09-20 00:12:05, 24.03, 46.15
2018-09-20 00:12:06, 24.02, 46.15
2018-09-20 00:12:08, 24.02, 46.12
2018-09-20 00:12:09, 24.02, 46.12
2018-09-20 00:12:10, 24.04, 46.12
2018-09-20 00:12:12, 24.03, 46.12
2018-09-20 00:12:13, 24.03, 46.12
2018-09-20 00:12:14, 24.01, 46.12
2018-09-20 00:12:16, 24.02, 46.09
2018-09-20 00:12:17, 24.02, 46.12
2018-09-20 00:12:19, 24.0, 46.12
2018-09-20 00:12:20, 24.01, 46.12
2018-09-20 00:12:21, 24.02, 46.09
2018-09-20 00:12:23, 24.04, 46.09
2018-09-20 00:12:24, 24.03, 46.09
2018-09-20 00:12:25, 24.04, 46.09
2018-09-20 00:12:27, 23.88, 46.13
2018-09-20 00:12:28, 24.0, 46.15
2018-09-20 00:12:29, 23.99, 46.21
2018-09-20 00:12:31, 24.0, 46.18
2018-09-20 00:12:32, 24.01, 46.18
2018-09-20 00:12:33, 24.0, 46.15
2018-09-20 00:12:35, 24.02, 46.15
2018-09-20 00:12:36, 24.01, 46.15
2018-09-20 00:12:38, 24.04, 46.15
2018-09-20 00:12:39, 24.01, 46.15
2018-09-20 00:12:40, 24.02, 46.12
2018-09-20 00:12:42, 24.01, 46.15
2018-09-20 00:12:43, 24.04, 46.12
2018-09-20 00:12:44, 24.01, 46.12
2018-09-20 00:12:46, 24.02, 46.09
2018-09-20 00:12:47, 24.03, 46.12
2018-09-20 00:12:48, 24.02, 46.12
2018-09-20 00:12:50, 23.99, 46.11
2018-09-20 00:12:51, 24.02, 46.15
2018-09-20 00:12:52, 24.02, 46.15
2018-09-20 00:12:54, 24.02, 46.15
2018-09-20 00:12:55, 24.02, 46.12
2018-09-20 00:12:56, 23.86, 46.13
2018-09-20 00:12:58, 23.96, 46.21
2018-09-20 00:12:59, 23.99, 46.21
2018-09-20 00:13:01, 23.99, 46.21
2018-09-20 00:13:02, 24.01, 46.21
2018-09-20 00:13:03, 24.0, 46.18
2018-09-20 00:13:05, 24.02, 46.15
2018-09-20 00:13:06, 24.0, 46.15
2018-09-20 00:13:07, 24.01, 46.15
2018-09-20 00:13:09, 24.02, 46.15
2018-09-20 00:13:10, 23.99, 46.15
2018-09-20 00:13:11, 24.01, 46.15
2018-09-20 00:13:13, 24.0, 46.15
2018-09-20 00:13:14, 24.02, 46.15
2018-09-20 00:13:16, 24.02, 46.15
2018-09-20 00:13:17, 24.02, 46.12
2018-09-20 00:13:18, 24.02, 46.12
2018-09-20 00:13:20, 23.94, 46.11
2018-09-20 00:13:21, 24.01, 46.15
2018-09-20 00:13:22, 24.02, 46.15
2018-09-20 00:13:24, 24.01, 46.15
2018-09-20 00:13:25, 24.02, 46.15
2018-09-20 00:13:26, 24.02, 46.15
2018-09-20 00:13:28, 24.02, 46.15
2018-09-20 00:13:29, 24.03, 46.15
2018-09-20 00:13:30, 24.02, 46.12
2018-09-20 00:13:32, 24.02, 46.12
2018-09-20 00:13:33, 24.01, 46.12
2018-09-20 00:13:34, 24.02, 46.15
2018-09-20 00:13:36, 24.01, 46.15
2018-09-20 00:13:37, 24.01, 46.12
2018-09-20 00:13:39, 24.02, 46.12
2018-09-20 00:13:40, 24.01, 46.15
2018-09-20 00:13:41, 24.02, 46.12
2018-09-20 00:13:43, 23.94, 46.14
2018-09-20 00:13:44, 24.0, 46.15
2018-09-20 00:13:45, 24.0, 46.15
2018-09-20 00:13:47, 24.0, 46.15
2018-09-20 00:13:48, 24.02, 46.15
2018-09-20 00:13:49, 24.0, 46.15
2018-09-20 00:13:51, 24.02, 46.15
2018-09-20 00:13:52, 24.0, 46.15
2018-09-20 00:13:53, 24.01, 46.12
2018-09-20 00:13:55, 24.01, 46.15
2018-09-20 00:13:56, 24.01, 46.15
2018-09-20 00:13:57, 24.0, 46.15
2018-09-20 00:13:59, 24.0, 46.15
2018-09-20 00:14:00, 24.0, 46.15
2018-09-20 00:14:02, 24.01, 46.15
2018-09-20 00:14:03, 24.0, 46.15
2018-09-20 00:14:04, 24.0, 46.15
2018-09-20 00:14:06, 24.0, 46.15
2018-09-20 00:14:07, 24.0, 46.15
2018-09-20 00:14:08, 24.01, 46.15
2018-09-20 00:14:10, 23.98, 46.15
2018-09-20 00:14:11, 24.01, 46.15
2018-09-20 00:14:12, 23.98, 46.15
2018-09-20 00:14:14, 23.9, 46.14
2018-09-20 00:14:15, 23.96, 46.18
2018-09-20 00:14:16, 23.98, 46.18
2018-09-20 00:14:18, 23.98, 46.18
2018-09-20 00:14:19, 24.0, 46.18
2018-09-20 00:14:21, 24.0, 46.15
2018-09-20 00:14:22, 23.99, 46.15
2018-09-20 00:14:23, 24.0, 46.15
2018-09-20 00:14:25, 23.99, 46.15
2018-09-20 00:14:26, 24.0, 46.15
2018-09-20 00:14:27, 23.99, 46.15
2018-09-20 00:14:29, 24.0, 46.15
2018-09-20 00:14:30, 23.99, 46.15
2018-09-20 00:14:31, 24.0, 46.15
2018-09-20 00:14:33, 24.01, 46.15
2018-09-20 00:14:34, 23.99, 46.15
2018-09-20 00:14:35, 24.0, 46.18
2018-09-20 00:14:37, 23.98, 46.15
2018-09-20 00:14:38, 24.0, 46.15
2018-09-20 00:14:39, 23.98, 46.15
2018-09-20 00:14:41, 23.99, 46.15
2018-09-20 00:14:42, 23.96, 46.14
2018-09-20 00:14:44, 23.86, 46.16
2018-09-20 00:14:45, 23.96, 46.21
2018-09-20 00:14:46, 23.97, 46.21
2018-09-20 00:14:48, 23.96, 46.21
2018-09-20 00:14:49, 23.85, 46.23
2018-09-20 00:14:50, 23.95, 46.27
2018-09-20 00:14:52, 23.94, 46.27
2018-09-20 00:14:53, 23.97, 46.27
2018-09-20 00:14:54, 23.98, 46.24
2018-09-20 00:14:56, 23.96, 46.21
2018-09-20 00:14:57, 23.99, 46.21
2018-09-20 00:14:58, 23.96, 46.21
2018-09-20 00:15:00, 23.98, 46.21
2018-09-20 00:15:01, 23.96, 46.18
2018-09-20 00:15:03, 23.99, 46.21
2018-09-20 00:15:04, 23.98, 46.21
2018-09-20 00:15:05, 24.0, 46.21
2018-09-20 00:15:07, 23.98, 46.18
2018-09-20 00:15:08, 23.99, 46.18
2018-09-20 00:15:09, 24.0, 46.18
2018-09-20 00:15:11, 23.98, 46.15
2018-09-20 00:15:12, 24.0, 46.18
2018-09-20 00:15:13, 23.83, 46.19
2018-09-20 00:15:15, 23.94, 46.24
2018-09-20 00:15:16, 23.95, 46.27
2018-09-20 00:15:17, 23.97, 46.24
2018-09-20 00:15:19, 23.96, 46.21
2018-09-20 00:15:20, 23.98, 46.21
2018-09-20 00:15:21, 23.96, 46.21
2018-09-20 00:15:23, 23.97, 46.21
2018-09-20 00:15:24, 23.96, 46.21
2018-09-20 00:15:26, 23.96, 46.21
2018-09-20 00:15:27, 23.97, 46.21
2018-09-20 00:15:28, 23.96, 46.21
2018-09-20 00:15:30, 23.98, 46.21
2018-09-20 00:15:31, 23.98, 46.21
2018-09-20 00:15:32, 23.99, 46.21
2018-09-20 00:15:34, 23.99, 46.21
2018-09-20 00:15:35, 23.98, 46.21
2018-09-20 00:15:36, 23.98, 46.21
2018-09-20 00:15:38, 23.98, 46.21
2018-09-20 00:15:39, 23.95, 46.21
2018-09-20 00:15:40, 23.97, 46.21
2018-09-20 00:15:42, 23.88, 46.2
2018-09-20 00:15:43, 23.78, 46.25
2018-09-20 00:15:45, 23.91, 46.33
2018-09-20 00:15:46, 23.92, 46.33
2018-09-20 00:15:47, 23.94, 46.33
2018-09-20 00:15:49, 23.94, 46.3
2018-09-20 00:15:50, 23.96, 46.27
2018-09-20 00:15:51, 23.94, 46.27
2018-09-20 00:15:53, 23.95, 46.27
2018-09-20 00:15:54, 23.97, 46.24
2018-09-20 00:15:55, 23.95, 46.27
2018-09-20 00:15:57, 23.98, 46.24
2018-09-20 00:15:58, 23.96, 46.27
2018-09-20 00:15:59, 23.98, 46.24
2018-09-20 00:16:01, 23.96, 46.24
2018-09-20 00:16:02, 24.0, 46.21
2018-09-20 00:16:04, 23.98, 46.21
2018-09-20 00:16:05, 23.99, 46.21
2018-09-20 00:16:06, 23.98, 46.21
2018-09-20 00:16:08, 23.98, 46.21
2018-09-20 00:16:09, 23.98, 46.21
2018-09-20 00:16:10, 23.99, 46.21
2018-09-20 00:16:12, 23.85, 46.23
2018-09-20 00:16:13, 23.93, 46.27
2018-09-20 00:16:14, 23.96, 46.27
2018-09-20 00:16:16, 23.96, 46.27
2018-09-20 00:16:17, 23.97, 46.24
2018-09-20 00:16:18, 23.96, 46.27
2018-09-20 00:16:20, 23.98, 46.27
2018-09-20 00:16:21, 23.96, 46.24
2018-09-20 00:16:22, 23.98, 46.24
2018-09-20 00:16:24, 23.95, 46.24
2018-09-20 00:16:25, 23.97, 46.24
2018-09-20 00:16:27, 23.96, 46.24
2018-09-20 00:16:28, 23.97, 46.24
2018-09-20 00:16:29, 23.98, 46.21
2018-09-20 00:16:31, 23.97, 46.21
2018-09-20 00:16:32, 23.98, 46.21
2018-09-20 00:16:33, 23.97, 46.21
2018-09-20 00:16:35, 23.97, 46.24
2018-09-20 00:16:36, 23.96, 46.21
2018-09-20 00:16:37, 23.97, 46.21
2018-09-20 00:16:39, 23.97, 46.21
2018-09-20 00:16:40, 23.95, 46.21
2018-09-20 00:16:41, 23.97, 46.24
2018-09-20 00:16:43, 23.96, 46.24
2018-09-20 00:16:44, 23.98, 46.24
2018-09-20 00:16:46, 23.97, 46.21
2018-09-20 00:16:47, 23.96, 46.21
2018-09-20 00:16:48, 23.97, 46.24
2018-09-20 00:16:50, 23.96, 46.21
2018-09-20 00:16:51, 23.98, 46.21
2018-09-20 00:16:52, 23.97, 46.21
2018-09-20 00:16:54, 23.95, 46.24
2018-09-20 00:16:55, 23.96, 46.21
2018-09-20 00:16:56, 23.98, 46.21
2018-09-20 00:16:58, 23.96, 46.21
2018-09-20 00:16:59, 23.98, 46.21
2018-09-20 00:17:00, 23.99, 46.21
2018-09-20 00:17:02, 23.96, 46.21
2018-09-20 00:17:03, 23.98, 46.21
2018-09-20 00:17:05, 23.98, 46.21
2018-09-20 00:17:06, 23.98, 46.21
2018-09-20 00:17:07, 23.96, 46.21
2018-09-20 00:17:09, 23.98, 46.21
2018-09-20 00:17:10, 23.96, 46.21
2018-09-20 00:17:11, 23.87, 46.2
2018-09-20 00:17:13, 23.92, 46.23
2018-09-20 00:17:14, 23.95, 46.24
2018-09-20 00:17:15, 23.96, 46.27
2018-09-20 00:17:17, 23.9, 46.26
2018-09-20 00:17:18, 23.95, 46.27
2018-09-20 00:17:19, 23.96, 46.27
2018-09-20 00:17:21, 23.96, 46.27
2018-09-20 00:17:22, 23.96, 46.24
2018-09-20 00:17:24, 23.97, 46.27
2018-09-20 00:17:25, 23.94, 46.24
2018-09-20 00:17:26, 23.97, 46.24
2018-09-20 00:17:28, 23.95, 46.27
2018-09-20 00:17:29, 23.97, 46.24
2018-09-20 00:17:30, 23.95, 46.24
2018-09-20 00:17:32, 23.96, 46.21
2018-09-20 00:17:33, 23.96, 46.24
2018-09-20 00:17:34, 23.94, 46.24
2018-09-20 00:17:36, 23.96, 46.24
2018-09-20 00:17:37, 23.95, 46.24
2018-09-20 00:17:38, 23.97, 46.24
2018-09-20 00:17:40, 23.96, 46.24
2018-09-20 00:17:41, 23.93, 46.24
2018-09-20 00:17:43, 23.94, 46.24
2018-09-20 00:17:44, 23.96, 46.27
2018-09-20 00:17:45, 23.96, 46.24
2018-09-20 00:17:47, 23.86, 46.26
2018-09-20 00:17:48, 23.93, 46.27
2018-09-20 00:17:49, 23.94, 46.27
2018-09-20 00:17:51, 23.94, 46.27
2018-09-20 00:17:52, 23.94, 46.27
2018-09-20 00:17:53, 23.88, 46.26
2018-09-20 00:17:55, 23.93, 46.27
2018-09-20 00:17:56, 23.94, 46.27
2018-09-20 00:17:57, 23.94, 46.27
2018-09-20 00:17:59, 23.96, 46.27
2018-09-20 00:18:00, 23.93, 46.27
2018-09-20 00:18:02, 23.95, 46.27
2018-09-20 00:18:03, 23.95, 46.27
2018-09-20 00:18:04, 23.97, 46.27
2018-09-20 00:18:06, 23.95, 46.27
2018-09-20 00:18:07, 23.94, 46.27
2018-09-20 00:18:08, 23.95, 46.27
2018-09-20 00:18:10, 23.97, 46.27
2018-09-20 00:18:11, 23.88, 46.26
2018-09-20 00:18:12, 23.92, 46.27
2018-09-20 00:18:14, 23.95, 46.27
2018-09-20 00:18:15, 23.94, 46.27
2018-09-20 00:18:16, 23.86, 46.26
2018-09-20 00:18:18, 23.91, 46.33
2018-09-20 00:18:19, 23.95, 46.34
2018-09-20 00:18:21, 23.94, 46.3
2018-09-20 00:18:22, 23.94, 46.3
2018-09-20 00:18:23, 23.82, 46.32
2018-09-20 00:18:25, 23.91, 46.33
2018-09-20 00:18:26, 23.94, 46.33
2018-09-20 00:18:27, 23.94, 46.33
2018-09-20 00:18:29, 23.94, 46.3
2018-09-20 00:18:30, 23.93, 46.3
2018-09-20 00:18:31, 23.96, 46.3
2018-09-20 00:18:33, 23.94, 46.3
2018-09-20 00:18:34, 23.94, 46.3
2018-09-20 00:18:36, 23.94, 46.3
2018-09-20 00:18:37, 23.94, 46.3
2018-09-20 00:18:38, 23.93, 46.27
2018-09-20 00:18:40, 23.91, 46.27
2018-09-20 00:18:41, 23.82, 46.29
2018-09-20 00:18:42, 23.9, 46.33
2018-09-20 00:18:44, 23.93, 46.33
2018-09-20 00:18:45, 23.93, 46.33
2018-09-20 00:18:46, 23.92, 46.33
2018-09-20 00:18:48, 23.96, 46.34
2018-09-20 00:18:49, 23.94, 46.33
2018-09-20 00:18:50, 23.94, 46.33
2018-09-20 00:18:52, 23.94, 46.3
2018-09-20 00:18:53, 23.8, 46.32
2018-09-20 00:18:55, 23.9, 46.33
2018-09-20 00:18:56, 23.92, 46.33
2018-09-20 00:18:57, 23.93, 46.33
2018-09-20 00:18:59, 23.93, 46.33
2018-09-20 00:19:00, 23.95, 46.34
2018-09-20 00:19:01, 23.93, 46.33
2018-09-20 00:19:03, 23.96, 46.34
2018-09-20 00:19:04, 23.94, 46.3
2018-09-20 00:19:05, 23.95, 46.3
2018-09-20 00:19:07, 23.94, 46.3
2018-09-20 00:19:08, 23.94, 46.3
2018-09-20 00:19:09, 23.94, 46.27
2018-09-20 00:19:11, 23.78, 46.31
2018-09-20 00:19:12, 23.89, 46.39
2018-09-20 00:19:14, 23.91, 46.39
2018-09-20 00:19:15, 23.92, 46.4
2018-09-20 00:19:16, 23.91, 46.36
2018-09-20 00:19:18, 23.94, 46.37
2018-09-20 00:19:19, 23.93, 46.36
2018-09-20 00:19:20, 23.95, 46.34
2018-09-20 00:19:22, 23.93, 46.33
2018-09-20 00:19:23, 23.79, 46.32
2018-09-20 00:19:24, 23.9, 46.39
2018-09-20 00:19:26, 23.9, 46.39
2018-09-20 00:19:27, 23.92, 46.4
2018-09-20 00:19:29, 23.92, 46.4
2018-09-20 00:19:30, 23.94, 46.37
2018-09-20 00:19:31, 23.92, 46.33
2018-09-20 00:19:33, 23.96, 46.37
2018-09-20 00:19:34, 23.94, 46.33
2018-09-20 00:19:35, 23.96, 46.34
2018-09-20 00:19:37, 23.94, 46.33
2018-09-20 00:19:38, 23.94, 46.33
2018-09-20 00:19:39, 23.94, 46.3
2018-09-20 00:19:41, 23.94, 46.33
2018-09-20 00:19:42, 23.94, 46.3
2018-09-20 00:19:43, 23.93, 46.3
2018-09-20 00:19:45, 23.94, 46.33
2018-09-20 00:19:46, 23.92, 46.3
2018-09-20 00:19:48, 23.93, 46.3
2018-09-20 00:19:49, 23.93, 46.3
2018-09-20 00:19:50, 23.95, 46.34
2018-09-20 00:19:52, 23.93, 46.3
2018-09-20 00:19:53, 23.8, 46.35
2018-09-20 00:19:54, 23.9, 46.39
2018-09-20 00:19:56, 23.91, 46.39
2018-09-20 00:19:57, 23.92, 46.4
2018-09-20 00:19:58, 23.92, 46.4
2018-09-20 00:20:00, 23.94, 46.33
2018-09-20 00:20:01, 23.92, 46.36
2018-09-20 00:20:02, 23.93, 46.33
2018-09-20 00:20:04, 23.92, 46.33
2018-09-20 00:20:05, 23.94, 46.33
2018-09-20 00:20:07, 23.94, 46.33
2018-09-20 00:20:08, 23.93, 46.33
2018-09-20 00:20:09, 23.94, 46.33
2018-09-20 00:20:11, 23.93, 46.33
2018-09-20 00:20:12, 23.93, 46.3
2018-09-20 00:20:13, 23.94, 46.33
2018-09-20 00:20:15, 23.9, 46.33
2018-09-20 00:20:16, 23.93, 46.33
2018-09-20 00:20:17, 23.94, 46.33
2018-09-20 00:20:19, 23.94, 46.33
2018-09-20 00:20:20, 23.96, 46.34
2018-09-20 00:20:22, 23.93, 46.33
2018-09-20 00:20:23, 23.96, 46.34
2018-09-20 00:20:24, 23.96, 46.34
2018-09-20 00:20:26, 23.94, 46.3
2018-09-20 00:20:27, 23.95, 46.3
2018-09-20 00:20:28, 23.96, 46.3
2018-09-20 00:20:30, 23.98, 46.31
2018-09-20 00:20:31, 23.94, 46.3
2018-09-20 00:20:32, 23.96, 46.3
2018-09-20 00:20:34, 23.95, 46.3
2018-09-20 00:20:35, 23.96, 46.3
2018-09-20 00:20:36, 23.94, 46.33
2018-09-20 00:20:38, 23.96, 46.3
2018-09-20 00:20:39, 23.9, 46.3
2018-09-20 00:20:41, 23.94, 46.33
2018-09-20 00:20:42, 23.96, 46.34
2018-09-20 00:20:43, 23.95, 46.34
2018-09-20 00:20:45, 23.97, 46.34
2018-09-20 00:20:46, 23.95, 46.34
2018-09-20 00:20:47, 23.97, 46.31
2018-09-20 00:20:49, 23.95, 46.3
2018-09-20 00:20:50, 23.96, 46.3
2018-09-20 00:20:51, 23.95, 46.3
2018-09-20 00:20:53, 23.96, 46.3
2018-09-20 00:20:54, 23.95, 46.27
2018-09-20 00:20:55, 23.94, 46.3
2018-09-20 00:20:57, 23.94, 46.3
2018-09-20 00:20:58, 23.96, 46.3
2018-09-20 00:21:00, 23.96, 46.3
2018-09-20 00:21:01, 23.94, 46.3
2018-09-20 00:21:02, 23.97, 46.31
2018-09-20 00:21:04, 23.95, 46.3
2018-09-20 00:21:05, 23.96, 46.3
2018-09-20 00:21:06, 23.95, 46.3
2018-09-20 00:21:08, 23.96, 46.3
2018-09-20 00:21:09, 23.94, 46.3
2018-09-20 00:21:10, 23.98, 46.31
2018-09-20 00:21:12, 23.95, 46.34
2018-09-20 00:21:13, 23.95, 46.3
2018-09-20 00:21:14, 23.84, 46.29
2018-09-20 00:21:16, 23.93, 46.33
2018-09-20 00:21:17, 23.93, 46.36
2018-09-20 00:21:19, 23.94, 46.37
2018-09-20 00:21:20, 23.94, 46.33
2018-09-20 00:21:21, 23.94, 46.33
2018-09-20 00:21:23, 23.95, 46.34
2018-09-20 00:21:24, 23.94, 46.33
2018-09-20 00:21:25, 23.96, 46.34
2018-09-20 00:21:27, 23.95, 46.34
2018-09-20 00:21:28, 23.96, 46.34
2018-09-20 00:21:29, 23.93, 46.3
2018-09-20 00:21:31, 23.97, 46.31
2018-09-20 00:21:32, 23.96, 46.34
2018-09-20 00:21:33, 23.96, 46.34
2018-09-20 00:21:35, 23.96, 46.3
2018-09-20 00:21:36, 23.96, 46.3
2018-09-20 00:21:37, 23.95, 46.34
2018-09-20 00:21:39, 23.82, 46.29
2018-09-20 00:21:40, 23.94, 46.33
2018-09-20 00:21:42, 23.94, 46.33
2018-09-20 00:21:43, 23.97, 46.34
2018-09-20 00:21:44, 23.95, 46.34
2018-09-20 00:21:46, 23.96, 46.34
2018-09-20 00:21:47, 23.94, 46.33
2018-09-20 00:21:48, 23.96, 46.34
2018-09-20 00:21:50, 23.95, 46.34
2018-09-20 00:21:51, 23.94, 46.33
2018-09-20 00:21:52, 23.96, 46.3
2018-09-20 00:21:54, 23.94, 46.3
2018-09-20 00:21:55, 23.95, 46.34
2018-09-20 00:21:56, 23.94, 46.3
2018-09-20 00:21:58, 23.95, 46.34
2018-09-20 00:21:59, 23.94, 46.3
2018-09-20 00:22:01, 23.94, 46.3
2018-09-20 00:22:02, 23.94, 46.3
2018-09-20 00:22:03, 23.93, 46.33
2018-09-20 00:22:05, 23.95, 46.3
2018-09-20 00:22:06, 23.95, 46.34
2018-09-20 00:22:07, 23.96, 46.34
2018-09-20 00:22:09, 23.81, 46.29
2018-09-20 00:22:10, 23.92, 46.33
2018-09-20 00:22:11, 23.93, 46.36
2018-09-20 00:22:13, 23.94, 46.33
2018-09-20 00:22:14, 23.78, 46.35
2018-09-20 00:22:15, 23.91, 46.39
2018-09-20 00:22:17, 23.91, 46.39
2018-09-20 00:22:18, 23.94, 46.4
2018-09-20 00:22:19, 23.93, 46.4
2018-09-20 00:22:21, 23.94, 46.37
2018-09-20 00:22:22, 23.94, 46.37
2018-09-20 00:22:24, 23.94, 46.33
2018-09-20 00:22:25, 23.96, 46.34
2018-09-20 00:22:26, 23.95, 46.34
2018-09-20 00:22:28, 23.96, 46.34
2018-09-20 00:22:29, 23.94, 46.33
2018-09-20 00:22:30, 23.95, 46.3
2018-09-20 00:22:32, 23.94, 46.3
2018-09-20 00:22:33, 23.96, 46.3
2018-09-20 00:22:34, 23.95, 46.27
2018-09-20 00:22:36, 23.96, 46.3
2018-09-20 00:22:37, 23.94, 46.3
2018-09-20 00:22:38, 23.81, 46.32
2018-09-20 00:22:40, 23.92, 46.33
2018-09-20 00:22:41, 23.91, 46.36
2018-09-20 00:22:43, 23.94, 46.37
2018-09-20 00:22:44, 23.94, 46.37
2018-09-20 00:22:45, 23.94, 46.33
2018-09-20 00:22:47, 23.94, 46.33
2018-09-20 00:22:48, 23.95, 46.34
2018-09-20 00:22:49, 23.94, 46.33
2018-09-20 00:22:51, 23.92, 46.3
2018-09-20 00:22:52, 23.94, 46.3
2018-09-20 00:22:53, 23.96, 46.3
2018-09-20 00:22:55, 23.94, 46.33
2018-09-20 00:22:56, 23.94, 46.27
2018-09-20 00:22:57, 23.96, 46.34
2018-09-20 00:22:59, 23.94, 46.27
2018-09-20 00:23:00, 23.97, 46.31
2018-09-20 00:23:02, 23.94, 46.27
2018-09-20 00:23:03, 23.96, 46.27
2018-09-20 00:23:04, 23.96, 46.27
2018-09-20 00:23:06, 23.97, 46.27
2018-09-20 00:23:07, 23.96, 46.27
2018-09-20 00:23:08, 23.97, 46.27
2018-09-20 00:23:10, 23.96, 46.27
2018-09-20 00:23:11, 23.96, 46.27
2018-09-20 00:23:12, 23.97, 46.24
2018-09-20 00:23:14, 23.95, 46.27
2018-09-20 00:23:15, 23.98, 46.27
2018-09-20 00:23:16, 23.98, 46.27
2018-09-20 00:23:18, 23.98, 46.27
2018-09-20 00:23:19, 23.98, 46.27
2018-09-20 00:23:21, 23.88, 46.26
2018-09-20 00:23:22, 23.96, 46.3
2018-09-20 00:23:23, 23.96, 46.3
2018-09-20 00:23:25, 23.97, 46.27
2018-09-20 00:23:26, 23.94, 46.27
2018-09-20 00:23:27, 23.97, 46.27
2018-09-20 00:23:29, 23.96, 46.27
2018-09-20 00:23:30, 23.97, 46.27
2018-09-20 00:23:31, 23.96, 46.27
2018-09-20 00:23:33, 23.96, 46.27
2018-09-20 00:23:34, 23.97, 46.24
2018-09-20 00:23:36, 23.97, 46.27
2018-09-20 00:23:37, 23.96, 46.24
2018-09-20 00:23:38, 23.96, 46.24
2018-09-20 00:23:40, 23.97, 46.24
2018-09-20 00:23:41, 23.97, 46.27
2018-09-20 00:23:42, 23.98, 46.24
2018-09-20 00:23:44, 23.97, 46.24
2018-09-20 00:23:45, 23.99, 46.24
2018-09-20 00:23:46, 23.98, 46.24
2018-09-20 00:23:48, 23.99, 46.24
2018-09-20 00:23:49, 23.98, 46.24
2018-09-20 00:23:51, 24.0, 46.21
2018-09-20 00:23:52, 23.98, 46.24
2018-09-20 00:23:53, 24.0, 46.24
2018-09-20 00:23:55, 23.97, 46.21
2018-09-20 00:23:56, 23.99, 46.21
2018-09-20 00:23:57, 23.98, 46.21
2018-09-20 00:23:59, 23.97, 46.24
2018-09-20 00:24:00, 23.97, 46.21
2018-09-20 00:24:01, 23.97, 46.21
2018-09-20 00:24:03, 23.99, 46.24
2018-09-20 00:24:04, 23.99, 46.21
2018-09-20 00:24:05, 23.99, 46.21
2018-09-20 00:24:07, 23.98, 46.24
2018-09-20 00:24:08, 23.99, 46.21
2018-09-20 00:24:10, 23.97, 46.24
2018-09-20 00:24:11, 23.99, 46.21
2018-09-20 00:24:12, 23.9, 46.23
2018-09-20 00:24:14, 23.97, 46.24
2018-09-20 00:24:15, 23.96, 46.27
2018-09-20 00:24:16, 23.98, 46.24
2018-09-20 00:24:18, 23.98, 46.27
2018-09-20 00:24:19, 23.96, 46.24
2018-09-20 00:24:20, 23.85, 46.26
2018-09-20 00:24:22, 23.94, 46.3
2018-09-20 00:24:23, 23.95, 46.34
2018-09-20 00:24:24, 23.96, 46.27
2018-09-20 00:24:26, 23.97, 46.27
2018-09-20 00:24:27, 23.96, 46.27
2018-09-20 00:24:29, 23.97, 46.27
2018-09-20 00:24:30, 23.97, 46.27
2018-09-20 00:24:31, 23.98, 46.27
2018-09-20 00:24:33, 23.97, 46.27
2018-09-20 00:24:34, 23.97, 46.24
2018-09-20 00:24:35, 23.98, 46.27
2018-09-20 00:24:37, 23.9, 46.26
2018-09-20 00:24:38, 23.97, 46.27
2018-09-20 00:24:39, 23.96, 46.27
2018-09-20 00:24:41, 23.98, 46.27
2018-09-20 00:24:42, 23.97, 46.24
2018-09-20 00:24:43, 23.98, 46.24
2018-09-20 00:24:45, 23.98, 46.27
2018-09-20 00:24:46, 23.98, 46.24
2018-09-20 00:24:48, 23.97, 46.21
2018-09-20 00:24:49, 23.97, 46.21
2018-09-20 00:24:50, 23.86, 46.26
2018-09-20 00:24:52, 23.94, 46.33
2018-09-20 00:24:53, 23.96, 46.3
2018-09-20 00:24:54, 23.95, 46.3
2018-09-20 00:24:56, 23.97, 46.31
2018-09-20 00:24:57, 23.96, 46.3
2018-09-20 00:24:58, 23.96, 46.27
2018-09-20 00:25:00, 23.96, 46.27
2018-09-20 00:25:01, 23.98, 46.27
2018-09-20 00:25:02, 23.94, 46.27
2018-09-20 00:25:04, 23.96, 46.27
2018-09-20 00:25:05, 23.97, 46.27
2018-09-20 00:25:06, 23.86, 46.26
2018-09-20 00:25:08, 23.94, 46.3
2018-09-20 00:25:09, 23.94, 46.3
2018-09-20 00:25:11, 23.94, 46.3
2018-09-20 00:25:12, 23.96, 46.27
2018-09-20 00:25:13, 23.98, 46.27
2018-09-20 00:25:15, 23.95, 46.3
2018-09-20 00:25:16, 23.97, 46.27
2018-09-20 00:25:17, 23.96, 46.27
2018-09-20 00:25:19, 23.97, 46.27
2018-09-20 00:25:20, 23.83, 46.26
2018-09-20 00:25:21, 23.9, 46.33
2018-09-20 00:25:23, 23.94, 46.33
2018-09-20 00:25:24, 23.95, 46.34
2018-09-20 00:25:25, 23.96, 46.34
2018-09-20 00:25:27, 23.95, 46.34
2018-09-20 00:25:28, 23.97, 46.31
2018-09-20 00:25:30, 23.95, 46.3
2018-09-20 00:25:31, 23.98, 46.27
2018-09-20 00:25:32, 23.94, 46.27
2018-09-20 00:25:34, 23.94, 46.27
2018-09-20 00:25:35, 23.97, 46.27
2018-09-20 00:25:36, 23.84, 46.26
2018-09-20 00:25:38, 23.96, 46.34
2018-09-20 00:25:39, 23.95, 46.34
2018-09-20 00:25:40, 23.97, 46.31
2018-09-20 00:25:42, 23.96, 46.34
2018-09-20 00:25:43, 23.98, 46.31
2018-09-20 00:25:44, 23.96, 46.3
2018-09-20 00:25:46, 23.97, 46.31
2018-09-20 00:25:47, 23.96, 46.27
2018-09-20 00:25:48, 23.97, 46.27
2018-09-20 00:25:50, 23.82, 46.32
2018-09-20 00:25:51, 23.92, 46.36
2018-09-20 00:25:53, 23.94, 46.37
2018-09-20 00:25:54, 23.94, 46.33
2018-09-20 00:25:55, 23.96, 46.34
2018-09-20 00:25:57, 23.95, 46.34
2018-09-20 00:25:58, 23.96, 46.34
2018-09-20 00:25:59, 23.96, 46.3
2018-09-20 00:26:01, 23.97, 46.31
2018-09-20 00:26:02, 23.97, 46.31
2018-09-20 00:26:03, 23.95, 46.27
2018-09-20 00:26:05, 23.96, 46.27
2018-09-20 00:26:06, 23.82, 46.29
2018-09-20 00:26:07, 23.94, 46.33
2018-09-20 00:26:09, 23.92, 46.33
2018-09-20 00:26:10, 23.97, 46.34
2018-09-20 00:26:11, 23.95, 46.3
2018-09-20 00:26:13, 23.97, 46.31
2018-09-20 00:26:14, 23.96, 46.3
2018-09-20 00:26:16, 23.96, 46.27
2018-09-20 00:26:17, 23.97, 46.27
2018-09-20 00:26:18, 23.96, 46.27
2018-09-20 00:26:20, 23.82, 46.29
2018-09-20 00:26:21, 23.92, 46.33
2018-09-20 00:26:22, 23.96, 46.34
2018-09-20 00:26:24, 23.94, 46.37
2018-09-20 00:26:25, 23.97, 46.34
2018-09-20 00:26:26, 23.96, 46.34
2018-09-20 00:26:28, 23.97, 46.31
2018-09-20 00:26:29, 23.96, 46.3
2018-09-20 00:26:30, 23.97, 46.31
2018-09-20 00:26:32, 23.96, 46.27
2018-09-20 00:26:33, 23.98, 46.27
2018-09-20 00:26:35, 23.97, 46.27
2018-09-20 00:26:36, 23.95, 46.27
2018-09-20 00:26:37, 23.98, 46.27
2018-09-20 00:26:39, 23.97, 46.27
2018-09-20 00:26:40, 23.99, 46.28
2018-09-20 00:26:41, 23.98, 46.27
2018-09-20 00:26:43, 23.99, 46.28
2018-09-20 00:26:44, 23.97, 46.27
2018-09-20 00:26:45, 24.0, 46.24
2018-09-20 00:26:47, 23.97, 46.27
2018-09-20 00:26:48, 23.97, 46.24
2018-09-20 00:26:49, 23.82, 46.25
2018-09-20 00:26:51, 23.92, 46.33
2018-09-20 00:26:52, 23.96, 46.34
2018-09-20 00:26:53, 23.96, 46.34
2018-09-20 00:26:55, 23.98, 46.34
2018-09-20 00:26:56, 23.96, 46.3
2018-09-20 00:26:58, 23.98, 46.27
2018-09-20 00:26:59, 23.96, 46.27
2018-09-20 00:27:00, 23.97, 46.27
2018-09-20 00:27:02, 23.96, 46.27
2018-09-20 00:27:03, 23.99, 46.28
2018-09-20 00:27:04, 23.99, 46.24
2018-09-20 00:27:06, 23.82, 46.25
2018-09-20 00:27:07, 23.93, 46.33
2018-09-20 00:27:08, 23.95, 46.34
2018-09-20 00:27:10, 23.96, 46.34
2018-09-20 00:27:11, 23.97, 46.31
2018-09-20 00:27:12, 23.98, 46.31
2018-09-20 00:27:14, 23.97, 46.31
2018-09-20 00:27:15, 23.98, 46.27
2018-09-20 00:27:17, 23.98, 46.27
2018-09-20 00:27:18, 23.95, 46.24
2018-09-20 00:27:19, 23.96, 46.24
2018-09-20 00:27:21, 23.98, 46.27
2018-09-20 00:27:22, 23.98, 46.24
2018-09-20 00:27:23, 23.98, 46.21
2018-09-20 00:27:25, 23.99, 46.24
2018-09-20 00:27:26, 23.99, 46.24
2018-09-20 00:27:27, 23.99, 46.24
2018-09-20 00:27:29, 23.97, 46.21
2018-09-20 00:27:30, 24.0, 46.21
2018-09-20 00:27:31, 23.99, 46.21
2018-09-20 00:27:33, 24.0, 46.21
2018-09-20 00:27:34, 24.0, 46.24
2018-09-20 00:27:36, 23.99, 46.21
2018-09-20 00:27:37, 23.98, 46.21
2018-09-20 00:27:38, 23.98, 46.21
2018-09-20 00:27:40, 23.99, 46.21
2018-09-20 00:27:41, 24.0, 46.21
2018-09-20 00:27:42, 24.01, 46.21
2018-09-20 00:27:44, 24.0, 46.21
2018-09-20 00:27:45, 24.0, 46.21
2018-09-20 00:27:46, 23.99, 46.21
2018-09-20 00:27:48, 23.98, 46.21
2018-09-20 00:27:49, 24.01, 46.21
2018-09-20 00:27:50, 23.99, 46.21
2018-09-20 00:27:52, 24.01, 46.18
2018-09-20 00:27:53, 24.0, 46.21
2018-09-20 00:27:55, 24.02, 46.22
2018-09-20 00:27:56, 24.0, 46.18
2018-09-20 00:27:57, 24.02, 46.18
2018-09-20 00:27:59, 24.02, 46.18
2018-09-20 00:28:00, 24.02, 46.18
2018-09-20 00:28:01, 24.02, 46.18
2018-09-20 00:28:03, 24.02, 46.18
2018-09-20 00:28:04, 24.02, 46.18
2018-09-20 00:28:05, 24.01, 46.18
2018-09-20 00:28:07, 24.03, 46.15
2018-09-20 00:28:08, 24.0, 46.18
2018-09-20 00:28:09, 24.0, 46.18
2018-09-20 00:28:11, 24.01, 46.18
2018-09-20 00:28:12, 24.03, 46.18
2018-09-20 00:28:14, 24.01, 46.18
2018-09-20 00:28:15, 24.03, 46.18
2018-09-20 00:28:16, 24.02, 46.18
2018-09-20 00:28:18, 24.02, 46.18
2018-09-20 00:28:19, 24.01, 46.18
2018-09-20 00:28:20, 24.0, 46.15
2018-09-20 00:28:22, 24.02, 46.18
2018-09-20 00:28:23, 24.0, 46.15
2018-09-20 00:28:24, 24.03, 46.15
2018-09-20 00:28:26, 24.02, 46.15
2018-09-20 00:28:27, 24.04, 46.19
2018-09-20 00:28:28, 24.03, 46.15
2018-09-20 00:28:30, 24.03, 46.15
2018-09-20 00:28:31, 24.02, 46.15
2018-09-20 00:28:32, 24.02, 46.15
2018-09-20 00:28:34, 24.03, 46.15
2018-09-20 00:28:35, 24.01, 46.15
2018-09-20 00:28:37, 24.04, 46.15
2018-09-20 00:28:38, 24.02, 46.15
2018-09-20 00:28:39, 24.02, 46.15
2018-09-20 00:28:41, 24.04, 46.15
2018-09-20 00:28:42, 24.02, 46.15
2018-09-20 00:28:43, 24.02, 46.15
2018-09-20 00:28:45, 24.02, 46.15
2018-09-20 00:28:46, 24.03, 46.15
2018-09-20 00:28:47, 24.02, 46.15
2018-09-20 00:28:49, 24.04, 46.15
2018-09-20 00:28:50, 24.02, 46.15
2018-09-20 00:28:51, 24.04, 46.15
2018-09-20 00:28:53, 24.03, 46.15
2018-09-20 00:28:54, 24.04, 46.15
2018-09-20 00:28:56, 24.02, 46.15
2018-09-20 00:28:57, 24.02, 46.15
2018-09-20 00:28:58, 24.05, 46.15
2018-09-20 00:29:00, 24.04, 46.15
2018-09-20 00:29:01, 24.04, 46.15
2018-09-20 00:29:02, 24.04, 46.15
2018-09-20 00:29:04, 23.99, 46.15
2018-09-20 00:29:05, 24.03, 46.15
2018-09-20 00:29:06, 24.03, 46.15
2018-09-20 00:29:08, 24.02, 46.15
2018-09-20 00:29:09, 24.03, 46.15
2018-09-20 00:29:10, 24.04, 46.15
2018-09-20 00:29:12, 24.03, 46.15
2018-09-20 00:29:13, 24.05, 46.15
2018-09-20 00:29:14, 24.03, 46.15
2018-09-20 00:29:16, 24.04, 46.15
2018-09-20 00:29:17, 24.02, 46.15
2018-09-20 00:29:19, 24.04, 46.15
2018-09-20 00:29:20, 24.03, 46.15
2018-09-20 00:29:21, 24.05, 46.15
2018-09-20 00:29:23, 24.03, 46.15
2018-09-20 00:29:24, 24.04, 46.15
2018-09-20 00:29:25, 24.03, 46.15
2018-09-20 00:29:27, 24.03, 46.15
2018-09-20 00:29:28, 24.05, 46.15
2018-09-20 00:29:29, 24.04, 46.15
2018-09-20 00:29:31, 24.04, 46.15
2018-09-20 00:29:32, 24.04, 46.15
2018-09-20 00:29:33, 23.97, 46.14
2018-09-20 00:29:35, 24.01, 46.15
2018-09-20 00:29:36, 24.04, 46.15
2018-09-20 00:29:38, 24.03, 46.15
2018-09-20 00:29:39, 24.03, 46.15
2018-09-20 00:29:40, 24.04, 46.15
2018-09-20 00:29:42, 24.04, 46.15
2018-09-20 00:29:43, 24.05, 46.12
2018-09-20 00:29:44, 24.04, 46.12
2018-09-20 00:29:46, 24.04, 46.12
2018-09-20 00:29:47, 24.04, 46.12
2018-09-20 00:29:48, 24.04, 46.12
2018-09-20 00:29:50, 24.03, 46.15
2018-09-20 00:29:51, 24.05, 46.12
2018-09-20 00:29:52, 24.04, 46.15
2018-09-20 00:29:54, 24.05, 46.09
2018-09-20 00:29:55, 24.02, 46.12
2018-09-20 00:29:56, 24.04, 46.12
2018-09-20 00:29:58, 24.03, 46.12
2018-09-20 00:29:59, 24.04, 46.12
2018-09-20 00:30:01, 24.04, 46.09
