2021-09-22, 00:00:08, with, /
2021-09-22, 00:00:20, with, /
2021-09-22, 00:00:32, with, /
2021-09-22, 00:00:44, with, /
2021-09-22, 00:00:56, with, /
2021-09-22, 00:01:08, with, /
2021-09-22, 00:01:20, with, /
2021-09-22, 00:01:32, with, /
2021-09-22, 00:01:44, with, /
2021-09-22, 00:01:56, with, /
2021-09-22, 00:02:08, with, /
2021-09-22, 00:02:20, with, /
2021-09-22, 00:02:32, with, /
2021-09-22, 00:02:44, with, /
2021-09-22, 00:02:56, with, /
2021-09-22, 00:03:08, with, /
2021-09-22, 00:03:20, with, /
2021-09-22, 00:03:32, with, /
2021-09-22, 00:03:44, with, /
2021-09-22, 00:03:56, with, /
2021-09-22, 00:04:08, with, /
2021-09-22, 00:04:20, with, /
2021-09-22, 00:04:32, with, /
2021-09-22, 00:04:44, with, /
2021-09-22, 00:04:56, with, /
2021-09-22, 00:05:08, with, /
2021-09-22, 00:05:20, with, /
2021-09-22, 00:05:32, with, /
2021-09-22, 00:05:44, with, /
2021-09-22, 00:05:56, with, /
2021-09-22, 00:06:08, with, /
2021-09-22, 00:06:20, with, /
2021-09-22, 00:06:32, with, /
2021-09-22, 00:06:44, with, /
2021-09-22, 00:06:56, with, /
2021-09-22, 00:07:08, with, /
2021-09-22, 00:07:20, with, /
2021-09-22, 00:07:32, with, /
2021-09-22, 00:07:45, with, /
2021-09-22, 00:07:57, with, /
2021-09-22, 00:08:09, with, /
2021-09-22, 00:08:21, with, /
2021-09-22, 00:08:33, with, /
2021-09-22, 00:08:45, with, /
2021-09-22, 00:08:57, with, /
2021-09-22, 00:09:09, with, /
2021-09-22, 00:09:21, with, /
2021-09-22, 00:09:33, with, /
2021-09-22, 00:09:45, with, /
2021-09-22, 00:09:57, with, /
2021-09-22, 00:10:09, with, /
2021-09-22, 00:10:21, with, /
2021-09-22, 00:10:33, with, /
2021-09-22, 00:10:45, with, /
2021-09-22, 00:10:57, with, /
2021-09-22, 00:11:09, with, /
2021-09-22, 00:11:21, with, /
2021-09-22, 00:11:33, with, /
2021-09-22, 00:11:45, with, /
2021-09-22, 00:11:57, with, /
2021-09-22, 00:12:09, with, /
2021-09-22, 00:12:21, with, /
2021-09-22, 00:12:33, with, /
2021-09-22, 00:12:45, with, /
2021-09-22, 00:12:57, with, /
2021-09-22, 00:13:09, with, /
2021-09-22, 00:13:21, with, /
2021-09-22, 00:13:33, with, /
2021-09-22, 00:13:45, with, /
2021-09-22, 00:13:57, with, /
2021-09-22, 00:14:09, with, /
2021-09-22, 00:14:21, with, /
2021-09-22, 00:14:33, with, /
2021-09-22, 00:14:45, with, /
2021-09-22, 00:14:57, with, /
2021-09-22, 00:15:10, with, /
2021-09-22, 00:15:22, with, /
2021-09-22, 00:15:34, with, /
2021-09-22, 00:15:46, with, /
2021-09-22, 00:15:58, with, /
2021-09-22, 00:16:10, with, /
2021-09-22, 00:16:22, with, /
2021-09-22, 00:16:34, with, /
2021-09-22, 00:16:46, with, /
2021-09-22, 00:16:58, with, /
2021-09-22, 00:17:10, with, /
2021-09-22, 00:17:22, with, /
2021-09-22, 00:17:34, with, /
2021-09-22, 00:17:46, with, /
2021-09-22, 00:17:58, with, /
2021-09-22, 00:18:10, with, /
2021-09-22, 00:18:22, with, /
2021-09-22, 00:18:34, with, /
2021-09-22, 00:18:46, with, /
2021-09-22, 00:18:58, with, /
2021-09-22, 00:19:10, with, /
2021-09-22, 00:19:22, with, /
2021-09-22, 00:19:34, with, /
2021-09-22, 00:19:46, with, /
2021-09-22, 00:19:58, with, /
2021-09-22, 00:20:10, with, /
2021-09-22, 00:20:22, with, /
2021-09-22, 00:20:34, with, /
2021-09-22, 00:20:46, with, /
2021-09-22, 00:20:58, with, /
2021-09-22, 00:21:10, with, /
2021-09-22, 00:21:22, with, /
2021-09-22, 00:21:34, with, /
2021-09-22, 00:21:46, with, /
2021-09-22, 00:21:58, with, /
2021-09-22, 00:22:10, with, /
2021-09-22, 00:22:22, with, /
2021-09-22, 00:22:35, with, /
2021-09-22, 00:22:47, with, /
2021-09-22, 00:22:59, with, /
2021-09-22, 00:23:11, with, /
2021-09-22, 00:23:23, with, /
2021-09-22, 00:23:35, with, /
2021-09-22, 00:23:47, with, /
2021-09-22, 00:23:59, with, /
2021-09-22, 00:24:11, with, /
2021-09-22, 00:24:23, with, /
2021-09-22, 00:24:35, with, /
2021-09-22, 00:24:47, with, /
2021-09-22, 00:24:59, with, /
2021-09-22, 00:25:11, with, /
2021-09-22, 00:25:23, with, /
2021-09-22, 00:25:35, with, /
2021-09-22, 00:25:47, with, /
2021-09-22, 00:25:59, with, /
2021-09-22, 00:26:11, with, /
2021-09-22, 00:26:23, with, /
2021-09-22, 00:26:35, with, /
2021-09-22, 00:26:47, with, /
2021-09-22, 00:26:59, with, /
2021-09-22, 00:27:11, with, /
2021-09-22, 00:27:23, with, /
2021-09-22, 00:27:35, with, /
2021-09-22, 00:27:47, with, /
2021-09-22, 00:27:59, with, /
2021-09-22, 00:28:11, with, /
2021-09-22, 00:28:23, with, /
2021-09-22, 00:28:35, with, /
2021-09-22, 00:28:47, with, /
2021-09-22, 00:28:59, with, /
2021-09-22, 00:29:11, with, /
2021-09-22, 00:29:23, with, /
2021-09-22, 00:29:35, with, /
2021-09-22, 00:29:48, with, /
2021-09-22, 00:30:00, with, /
