2023-11-09, 00:00:00, 25.91, 43.36
2023-11-09, 00:00:02, 25.9, 43.33
2023-11-09, 00:00:03, 25.9, 43.33
2023-11-09, 00:00:04, 25.92, 43.33
2023-11-09, 00:00:06, 25.91, 43.33
2023-11-09, 00:00:07, 25.9, 43.36
2023-11-09, 00:00:09, 25.91, 43.33
2023-11-09, 00:00:10, 25.91, 43.33
2023-11-09, 00:00:11, 25.91, 43.33
2023-11-09, 00:00:13, 25.93, 43.33
2023-11-09, 00:00:14, 25.93, 43.33
2023-11-09, 00:00:15, 25.93, 43.33
2023-11-09, 00:00:17, 25.92, 43.33
2023-11-09, 00:00:18, 25.92, 43.33
2023-11-09, 00:00:19, 25.94, 43.33
2023-11-09, 00:00:21, 25.93, 43.33
2023-11-09, 00:00:22, 25.93, 43.3
2023-11-09, 00:00:28, 25.59, 43.65
2023-11-09, 00:00:29, 25.77, 43.71
2023-11-09, 00:00:30, 25.8, 43.71
2023-11-09, 00:00:32, 25.84, 43.65
2023-11-09, 00:00:33, 25.86, 43.59
2023-11-09, 00:00:34, 25.87, 43.55
2023-11-09, 00:00:36, 25.87, 43.55
2023-11-09, 00:00:37, 25.89, 43.52
2023-11-09, 00:00:39, 25.9, 43.49
2023-11-09, 00:00:40, 25.91, 43.46
2023-11-09, 00:00:41, 25.94, 43.43
2023-11-09, 00:00:43, 25.94, 43.43
2023-11-09, 00:00:44, 25.96, 43.4
2023-11-09, 00:00:45, 25.96, 43.37
2023-11-09, 00:00:47, 25.95, 43.34
2023-11-09, 00:00:48, 25.95, 43.34
2023-11-09, 00:00:49, 25.96, 43.34
2023-11-09, 00:00:51, 25.96, 43.3
2023-11-09, 00:00:52, 25.97, 43.34
2023-11-09, 00:00:53, 25.95, 43.27
2023-11-09, 00:00:55, 25.97, 43.34
2023-11-09, 00:00:56, 25.99, 43.28
2023-11-09, 00:00:58, 25.98, 43.27
2023-11-09, 00:00:59, 26.0, 43.28
2023-11-09, 00:01:00, 25.98, 43.27
2023-11-09, 00:01:02, 25.99, 43.28
2023-11-09, 00:01:03, 25.98, 43.24
2023-11-09, 00:01:04, 25.98, 43.27
2023-11-09, 00:01:06, 25.96, 43.24
2023-11-09, 00:01:07, 25.96, 43.27
2023-11-09, 00:01:08, 25.98, 43.27
2023-11-09, 00:01:10, 25.96, 43.27
2023-11-09, 00:01:11, 25.94, 43.27
2023-11-09, 00:01:19, 25.51, 43.94
2023-11-09, 00:01:20, 25.72, 43.96
2023-11-09, 00:01:22, 25.78, 43.9
2023-11-09, 00:01:23, 25.81, 43.84
2023-11-09, 00:01:24, 25.85, 43.78
2023-11-09, 00:01:26, 25.87, 43.75
2023-11-09, 00:01:27, 25.86, 43.68
2023-11-09, 00:01:28, 25.87, 43.62
2023-11-09, 00:01:30, 25.88, 43.59
2023-11-09, 00:01:31, 25.88, 43.56
2023-11-09, 00:01:33, 25.89, 43.52
2023-11-09, 00:01:34, 25.89, 43.52
2023-11-09, 00:01:35, 25.9, 43.49
2023-11-09, 00:01:37, 25.91, 43.49
2023-11-09, 00:01:38, 25.91, 43.46
2023-11-09, 00:01:39, 25.93, 43.46
2023-11-09, 00:01:41, 25.93, 43.46
2023-11-09, 00:01:42, 25.94, 43.43
2023-11-09, 00:01:43, 25.94, 43.4
2023-11-09, 00:01:45, 25.96, 43.4
2023-11-09, 00:01:46, 25.94, 43.4
2023-11-09, 00:01:47, 25.96, 43.37
2023-11-09, 00:01:49, 25.96, 43.37
2023-11-09, 00:01:50, 25.97, 43.34
2023-11-09, 00:01:52, 25.97, 43.34
2023-11-09, 00:01:53, 25.98, 43.34
2023-11-09, 00:01:54, 25.97, 43.34
2023-11-09, 00:01:56, 25.98, 43.34
2023-11-09, 00:01:57, 25.99, 43.31
2023-11-09, 00:01:58, 25.98, 43.31
2023-11-09, 00:02:00, 26.0, 43.31
2023-11-09, 00:02:01, 25.98, 43.31
2023-11-09, 00:02:02, 25.98, 43.27
2023-11-09, 00:02:04, 26.0, 43.31
2023-11-09, 00:02:05, 25.99, 43.31
2023-11-09, 00:02:06, 26.0, 43.28
2023-11-09, 00:02:08, 26.02, 43.25
2023-11-09, 00:02:09, 26.01, 43.28
2023-11-09, 00:02:10, 26.02, 43.28
2023-11-09, 00:02:12, 26.0, 43.28
2023-11-09, 00:02:13, 26.01, 43.28
2023-11-09, 00:02:15, 26.0, 43.28
2023-11-09, 00:02:16, 26.01, 43.25
2023-11-09, 00:02:17, 25.98, 43.27
2023-11-09, 00:02:19, 25.99, 43.28
2023-11-09, 00:02:20, 25.99, 43.28
2023-11-09, 00:02:21, 25.99, 43.28
2023-11-09, 00:02:23, 25.99, 43.28
2023-11-09, 00:02:24, 25.99, 43.28
2023-11-09, 00:02:25, 25.98, 43.27
2023-11-09, 00:02:27, 25.99, 43.28
2023-11-09, 00:02:28, 25.97, 43.27
2023-11-09, 00:02:29, 25.98, 43.31
2023-11-09, 00:02:31, 25.97, 43.31
2023-11-09, 00:02:32, 25.95, 43.3
2023-11-09, 00:02:34, 25.97, 43.31
2023-11-09, 00:02:35, 25.97, 43.31
2023-11-09, 00:02:36, 25.98, 43.34
2023-11-09, 00:02:38, 25.98, 43.34
2023-11-09, 00:02:39, 25.99, 43.34
2023-11-09, 00:02:40, 26.0, 43.34
2023-11-09, 00:02:42, 26.01, 43.31
2023-11-09, 00:02:43, 26.01, 43.28
2023-11-09, 00:02:44, 26.01, 43.28
2023-11-09, 00:02:46, 26.02, 43.28
2023-11-09, 00:02:47, 26.0, 43.28
2023-11-09, 00:02:48, 26.0, 43.28
2023-11-09, 00:02:50, 26.0, 43.28
2023-11-09, 00:02:51, 26.01, 43.28
2023-11-09, 00:02:52, 26.0, 43.28
2023-11-09, 00:02:54, 26.0, 43.28
2023-11-09, 00:02:55, 26.0, 43.28
2023-11-09, 00:02:57, 26.0, 43.31
2023-11-09, 00:02:58, 26.0, 43.28
2023-11-09, 00:02:59, 26.02, 43.28
2023-11-09, 00:03:01, 26.01, 43.28
2023-11-09, 00:03:02, 26.02, 43.28
2023-11-09, 00:03:03, 26.03, 43.28
2023-11-09, 00:03:05, 26.04, 43.28
2023-11-09, 00:03:06, 26.04, 43.28
2023-11-09, 00:03:07, 26.04, 43.25
2023-11-09, 00:03:09, 26.04, 43.25
2023-11-09, 00:03:10, 26.04, 43.25
2023-11-09, 00:03:11, 26.05, 43.22
2023-11-09, 00:03:13, 26.05, 43.22
2023-11-09, 00:03:14, 26.06, 43.22
2023-11-09, 00:03:16, 26.05, 43.22
2023-11-09, 00:03:17, 26.04, 43.22
2023-11-09, 00:03:18, 26.07, 43.22
2023-11-09, 00:03:20, 26.05, 43.22
2023-11-09, 00:03:21, 26.06, 43.22
2023-11-09, 00:03:22, 26.07, 43.19
2023-11-09, 00:03:24, 26.05, 43.18
2023-11-09, 00:03:25, 26.06, 43.19
2023-11-09, 00:03:26, 26.05, 43.18
2023-11-09, 00:03:28, 26.05, 43.15
2023-11-09, 00:03:29, 26.06, 43.19
2023-11-09, 00:03:31, 26.07, 43.15
2023-11-09, 00:03:32, 26.06, 43.15
2023-11-09, 00:03:33, 26.05, 43.18
2023-11-09, 00:03:35, 26.05, 43.15
2023-11-09, 00:03:36, 26.06, 43.19
2023-11-09, 00:03:37, 26.07, 43.19
2023-11-09, 00:03:39, 26.06, 43.19
2023-11-09, 00:03:40, 26.07, 43.19
2023-11-09, 00:03:41, 26.06, 43.22
2023-11-09, 00:03:43, 26.04, 43.18
2023-11-09, 00:03:44, 26.04, 43.22
2023-11-09, 00:03:45, 26.02, 43.21
2023-11-09, 00:03:47, 26.02, 43.25
2023-11-09, 00:03:48, 26.02, 43.25
2023-11-09, 00:03:50, 26.01, 43.28
2023-11-09, 00:03:51, 26.01, 43.28
2023-11-09, 00:03:52, 26.0, 43.28
2023-11-09, 00:03:54, 26.01, 43.28
2023-11-09, 00:03:55, 26.01, 43.31
2023-11-09, 00:03:56, 26.0, 43.28
2023-11-09, 00:03:58, 25.99, 43.31
2023-11-09, 00:03:59, 26.01, 43.31
2023-11-09, 00:04:00, 26.01, 43.34
2023-11-09, 00:04:02, 26.02, 43.34
2023-11-09, 00:04:03, 26.0, 43.34
2023-11-09, 00:04:04, 25.97, 43.31
2023-11-09, 00:04:08, 25.67, 43.53
2023-11-09, 00:04:10, 25.88, 43.65
2023-11-09, 00:04:11, 25.91, 43.59
2023-11-09, 00:04:12, 25.94, 43.6
2023-11-09, 00:04:14, 25.95, 43.56
2023-11-09, 00:04:15, 25.96, 43.53
2023-11-09, 00:04:16, 25.97, 43.53
2023-11-09, 00:04:18, 25.98, 43.47
2023-11-09, 00:04:19, 25.98, 43.47
2023-11-09, 00:04:20, 26.0, 43.44
2023-11-09, 00:04:22, 26.0, 43.41
2023-11-09, 00:04:23, 26.01, 43.41
2023-11-09, 00:04:24, 26.0, 43.41
2023-11-09, 00:04:26, 26.01, 43.41
2023-11-09, 00:04:27, 26.01, 43.38
2023-11-09, 00:04:29, 26.0, 43.34
2023-11-09, 00:04:30, 26.01, 43.34
2023-11-09, 00:04:31, 26.01, 43.38
2023-11-09, 00:04:33, 26.0, 43.34
2023-11-09, 00:04:34, 25.99, 43.37
2023-11-09, 00:04:35, 26.0, 43.37
2023-11-09, 00:04:37, 26.0, 43.37
2023-11-09, 00:04:38, 25.99, 43.41
2023-11-09, 00:04:39, 26.0, 43.41
2023-11-09, 00:04:41, 26.0, 43.41
2023-11-09, 00:04:42, 26.01, 43.41
2023-11-09, 00:04:43, 26.0, 43.41
2023-11-09, 00:04:45, 26.01, 43.38
2023-11-09, 00:04:46, 26.02, 43.41
2023-11-09, 00:04:48, 26.02, 43.41
2023-11-09, 00:04:49, 26.03, 43.41
2023-11-09, 00:04:50, 26.04, 43.38
2023-11-09, 00:04:52, 26.03, 43.38
2023-11-09, 00:04:53, 26.03, 43.38
2023-11-09, 00:04:54, 26.0, 43.37
2023-11-09, 00:04:56, 26.01, 43.41
2023-11-09, 00:04:57, 26.01, 43.38
2023-11-09, 00:04:58, 26.04, 43.38
2023-11-09, 00:05:00, 26.05, 43.38
2023-11-09, 00:05:01, 26.04, 43.35
2023-11-09, 00:05:02, 26.06, 43.35
2023-11-09, 00:05:04, 26.06, 43.35
2023-11-09, 00:05:05, 26.06, 43.32
2023-11-09, 00:05:06, 26.06, 43.35
2023-11-09, 00:05:08, 26.09, 43.32
2023-11-09, 00:05:09, 26.07, 43.28
2023-11-09, 00:05:11, 26.05, 43.31
2023-11-09, 00:05:12, 26.03, 43.31
2023-11-09, 00:05:13, 26.04, 43.35
2023-11-09, 00:05:15, 26.01, 43.34
2023-11-09, 00:05:16, 26.01, 43.34
2023-11-09, 00:05:17, 26.0, 43.34
2023-11-09, 00:05:19, 26.02, 43.38
2023-11-09, 00:05:20, 26.02, 43.34
2023-11-09, 00:05:21, 26.0, 43.41
2023-11-09, 00:05:23, 26.0, 43.41
2023-11-09, 00:05:24, 26.01, 43.41
2023-11-09, 00:05:26, 26.03, 43.41
2023-11-09, 00:05:27, 26.04, 43.41
2023-11-09, 00:05:28, 26.04, 43.38
2023-11-09, 00:05:30, 26.04, 43.38
2023-11-09, 00:05:31, 26.04, 43.41
2023-11-09, 00:05:32, 26.04, 43.38
2023-11-09, 00:05:34, 26.04, 43.38
2023-11-09, 00:05:35, 26.05, 43.38
2023-11-09, 00:05:36, 26.06, 43.35
2023-11-09, 00:05:38, 26.05, 43.35
2023-11-09, 00:05:39, 26.05, 43.35
2023-11-09, 00:05:40, 26.04, 43.35
2023-11-09, 00:05:42, 26.04, 43.35
2023-11-09, 00:05:43, 26.04, 43.35
2023-11-09, 00:05:45, 26.04, 43.41
2023-11-09, 00:05:46, 26.05, 43.38
2023-11-09, 00:05:47, 26.05, 43.41
2023-11-09, 00:05:49, 26.04, 43.41
2023-11-09, 00:05:50, 26.05, 43.38
2023-11-09, 00:05:51, 26.04, 43.38
2023-11-09, 00:05:53, 26.04, 43.41
2023-11-09, 00:05:54, 26.04, 43.41
2023-11-09, 00:05:55, 26.01, 43.41
2023-11-09, 00:05:57, 26.04, 43.41
2023-11-09, 00:05:58, 26.04, 43.41
2023-11-09, 00:05:59, 26.03, 43.41
2023-11-09, 00:06:01, 26.05, 43.41
2023-11-09, 00:06:02, 26.04, 43.41
2023-11-09, 00:06:04, 26.05, 43.38
2023-11-09, 00:06:05, 26.04, 43.38
2023-11-09, 00:06:06, 26.05, 43.38
2023-11-09, 00:06:08, 26.04, 43.41
2023-11-09, 00:06:09, 26.06, 43.38
2023-11-09, 00:06:10, 26.06, 43.35
2023-11-09, 00:06:12, 26.06, 43.38
2023-11-09, 00:06:13, 26.06, 43.38
2023-11-09, 00:06:14, 26.06, 43.35
2023-11-09, 00:06:16, 26.06, 43.35
2023-11-09, 00:06:17, 26.07, 43.35
2023-11-09, 00:06:18, 26.08, 43.35
2023-11-09, 00:06:20, 26.07, 43.35
2023-11-09, 00:06:21, 26.08, 43.35
2023-11-09, 00:06:22, 26.08, 43.35
2023-11-09, 00:06:24, 26.09, 43.35
2023-11-09, 00:06:25, 26.1, 43.35
2023-11-09, 00:06:27, 26.09, 43.35
2023-11-09, 00:06:28, 26.1, 43.32
2023-11-09, 00:06:29, 26.09, 43.32
2023-11-09, 00:06:31, 26.08, 43.32
2023-11-09, 00:06:32, 26.08, 43.32
2023-11-09, 00:06:33, 26.07, 43.35
2023-11-09, 00:06:35, 26.06, 43.35
2023-11-09, 00:06:36, 26.06, 43.35
2023-11-09, 00:06:37, 26.06, 43.38
2023-11-09, 00:06:39, 26.06, 43.35
2023-11-09, 00:06:40, 26.05, 43.41
2023-11-09, 00:06:41, 26.05, 43.38
2023-11-09, 00:06:43, 26.04, 43.41
2023-11-09, 00:06:44, 26.06, 43.41
2023-11-09, 00:06:46, 26.06, 43.41
2023-11-09, 00:06:47, 26.06, 43.41
2023-11-09, 00:06:48, 26.08, 43.42
2023-11-09, 00:06:50, 26.06, 43.41
2023-11-09, 00:06:51, 26.08, 43.42
2023-11-09, 00:06:52, 26.06, 43.41
2023-11-09, 00:06:54, 26.06, 43.41
2023-11-09, 00:06:55, 26.07, 43.41
2023-11-09, 00:06:56, 26.07, 43.41
2023-11-09, 00:06:58, 26.06, 43.41
2023-11-09, 00:06:59, 26.06, 43.41
2023-11-09, 00:07:00, 26.09, 43.42
2023-11-09, 00:07:02, 26.06, 43.41
2023-11-09, 00:07:03, 26.07, 43.38
2023-11-09, 00:07:05, 26.07, 43.38
2023-11-09, 00:07:06, 26.07, 43.38
2023-11-09, 00:07:07, 26.07, 43.38
2023-11-09, 00:07:09, 26.06, 43.38
2023-11-09, 00:07:10, 26.06, 43.38
2023-11-09, 00:07:11, 26.07, 43.41
2023-11-09, 00:07:13, 26.06, 43.41
2023-11-09, 00:07:14, 26.07, 43.41
2023-11-09, 00:07:15, 26.07, 43.41
2023-11-09, 00:07:17, 26.08, 43.42
2023-11-09, 00:07:18, 26.07, 43.41
2023-11-09, 00:07:19, 26.06, 43.41
2023-11-09, 00:07:21, 26.07, 43.41
2023-11-09, 00:07:22, 26.08, 43.42
2023-11-09, 00:07:23, 26.08, 43.45
2023-11-09, 00:07:25, 26.08, 43.42
2023-11-09, 00:07:26, 26.07, 43.41
2023-11-09, 00:07:28, 26.08, 43.42
2023-11-09, 00:07:29, 26.08, 43.42
2023-11-09, 00:07:30, 26.07, 43.41
2023-11-09, 00:07:32, 26.07, 43.41
2023-11-09, 00:07:33, 26.09, 43.42
2023-11-09, 00:07:34, 26.08, 43.42
2023-11-09, 00:07:36, 26.1, 43.42
2023-11-09, 00:07:37, 26.08, 43.42
2023-11-09, 00:07:38, 26.1, 43.42
2023-11-09, 00:07:40, 26.1, 43.42
2023-11-09, 00:07:41, 26.12, 43.42
2023-11-09, 00:07:43, 26.12, 43.42
2023-11-09, 00:07:44, 26.1, 43.39
2023-11-09, 00:07:45, 26.11, 43.39
2023-11-09, 00:07:47, 26.12, 43.36
2023-11-09, 00:07:48, 26.11, 43.35
2023-11-09, 00:07:49, 26.1, 43.39
2023-11-09, 00:07:51, 26.1, 43.39
2023-11-09, 00:07:52, 26.1, 43.42
2023-11-09, 00:07:53, 26.11, 43.42
2023-11-09, 00:07:55, 26.11, 43.42
2023-11-09, 00:07:56, 26.11, 43.39
2023-11-09, 00:07:57, 26.1, 43.42
2023-11-09, 00:07:59, 26.12, 43.39
2023-11-09, 00:08:00, 26.12, 43.42
2023-11-09, 00:08:01, 26.12, 43.42
2023-11-09, 00:08:03, 26.12, 43.39
2023-11-09, 00:08:04, 26.12, 43.42
2023-11-09, 00:08:06, 26.12, 43.39
2023-11-09, 00:08:07, 26.14, 43.42
2023-11-09, 00:08:08, 26.12, 43.39
2023-11-09, 00:08:10, 26.12, 43.39
2023-11-09, 00:08:11, 26.13, 43.39
2023-11-09, 00:08:12, 26.13, 43.39
2023-11-09, 00:08:14, 26.11, 43.39
2023-11-09, 00:08:15, 26.09, 43.42
2023-11-09, 00:08:16, 26.1, 43.42
2023-11-09, 00:08:18, 26.11, 43.42
2023-11-09, 00:08:19, 26.09, 43.42
2023-11-09, 00:08:20, 26.09, 43.42
2023-11-09, 00:08:22, 26.09, 43.42
2023-11-09, 00:08:23, 26.1, 43.45
2023-11-09, 00:08:25, 26.1, 43.42
2023-11-09, 00:08:26, 26.1, 43.45
2023-11-09, 00:08:27, 26.1, 43.45
2023-11-09, 00:08:29, 26.09, 43.42
2023-11-09, 00:08:30, 26.09, 43.45
2023-11-09, 00:08:31, 26.1, 43.48
2023-11-09, 00:08:33, 26.09, 43.48
2023-11-09, 00:08:34, 26.11, 43.48
2023-11-09, 00:08:35, 26.11, 43.48
2023-11-09, 00:08:37, 26.1, 43.48
2023-11-09, 00:08:38, 26.1, 43.45
2023-11-09, 00:08:39, 26.11, 43.45
2023-11-09, 00:08:41, 26.12, 43.45
2023-11-09, 00:08:42, 26.11, 43.45
2023-11-09, 00:08:44, 26.11, 43.45
2023-11-09, 00:08:45, 26.12, 43.45
2023-11-09, 00:08:46, 26.12, 43.45
2023-11-09, 00:08:48, 26.12, 43.42
2023-11-09, 00:08:49, 26.13, 43.42
2023-11-09, 00:08:50, 26.12, 43.42
2023-11-09, 00:08:52, 26.13, 43.42
2023-11-09, 00:08:53, 26.12, 43.42
2023-11-09, 00:08:54, 26.13, 43.45
2023-11-09, 00:08:56, 26.13, 43.42
2023-11-09, 00:08:57, 26.12, 43.45
2023-11-09, 00:08:58, 26.12, 43.42
2023-11-09, 00:09:00, 26.12, 43.42
2023-11-09, 00:09:01, 26.12, 43.42
2023-11-09, 00:09:03, 26.12, 43.42
2023-11-09, 00:09:04, 26.11, 43.45
2023-11-09, 00:09:05, 26.12, 43.42
2023-11-09, 00:09:07, 26.13, 43.42
2023-11-09, 00:09:08, 26.15, 43.42
2023-11-09, 00:09:09, 26.14, 43.42
2023-11-09, 00:09:11, 26.14, 43.42
2023-11-09, 00:09:12, 26.15, 43.42
2023-11-09, 00:09:13, 26.13, 43.42
2023-11-09, 00:09:15, 26.12, 43.42
2023-11-09, 00:09:16, 26.12, 43.42
2023-11-09, 00:09:17, 26.14, 43.42
2023-11-09, 00:09:19, 26.13, 43.42
2023-11-09, 00:09:20, 26.14, 43.46
2023-11-09, 00:09:21, 26.14, 43.46
2023-11-09, 00:09:23, 26.14, 43.46
2023-11-09, 00:09:24, 26.14, 43.46
2023-11-09, 00:09:26, 26.12, 43.45
2023-11-09, 00:09:27, 26.12, 43.45
2023-11-09, 00:09:28, 26.14, 43.46
2023-11-09, 00:09:30, 26.13, 43.42
2023-11-09, 00:09:31, 26.13, 43.45
2023-11-09, 00:09:32, 26.14, 43.46
2023-11-09, 00:09:34, 26.14, 43.49
2023-11-09, 00:09:35, 26.14, 43.46
2023-11-09, 00:09:36, 26.14, 43.46
2023-11-09, 00:09:38, 26.15, 43.46
2023-11-09, 00:09:39, 26.16, 43.46
2023-11-09, 00:09:40, 26.17, 43.43
2023-11-09, 00:09:42, 26.17, 43.43
2023-11-09, 00:09:43, 26.17, 43.43
2023-11-09, 00:09:45, 26.16, 43.43
2023-11-09, 00:09:46, 26.18, 43.43
2023-11-09, 00:09:47, 26.18, 43.43
2023-11-09, 00:09:49, 26.18, 43.43
2023-11-09, 00:09:50, 26.16, 43.39
2023-11-09, 00:09:51, 26.18, 43.4
2023-11-09, 00:09:53, 26.18, 43.43
2023-11-09, 00:09:54, 26.17, 43.39
2023-11-09, 00:09:55, 26.16, 43.39
2023-11-09, 00:09:57, 26.17, 43.43
2023-11-09, 00:09:58, 26.16, 43.43
2023-11-09, 00:09:59, 26.17, 43.43
2023-11-09, 00:10:01, 26.17, 43.43
2023-11-09, 00:10:02, 26.17, 43.43
2023-11-09, 00:10:03, 26.15, 43.42
2023-11-09, 00:10:05, 26.17, 43.43
2023-11-09, 00:10:06, 26.17, 43.43
2023-11-09, 00:10:08, 26.18, 43.43
2023-11-09, 00:10:09, 26.18, 43.43
2023-11-09, 00:10:10, 26.18, 43.4
2023-11-09, 00:10:12, 26.17, 43.43
2023-11-09, 00:10:13, 26.17, 43.39
2023-11-09, 00:10:16, 25.92, 43.46
2023-11-09, 00:10:17, 26.05, 43.58
2023-11-09, 00:10:19, 26.08, 43.61
2023-11-09, 00:10:20, 26.09, 43.61
2023-11-09, 00:10:21, 26.09, 43.61
2023-11-09, 00:10:23, 26.11, 43.62
2023-11-09, 00:10:24, 26.1, 43.61
2023-11-09, 00:10:25, 26.1, 43.58
2023-11-09, 00:10:27, 26.11, 43.58
2023-11-09, 00:10:28, 26.09, 43.61
2023-11-09, 00:10:29, 26.1, 43.61
2023-11-09, 00:10:31, 26.09, 43.58
2023-11-09, 00:10:32, 26.09, 43.61
2023-11-09, 00:10:33, 26.1, 43.61
2023-11-09, 00:10:35, 26.08, 43.61
2023-11-09, 00:10:38, 25.84, 43.68
2023-11-09, 00:10:39, 25.99, 43.8
2023-11-09, 00:10:41, 26.04, 43.77
2023-11-09, 00:10:42, 26.07, 43.77
2023-11-09, 00:10:43, 26.08, 43.74
2023-11-09, 00:10:45, 26.09, 43.74
2023-11-09, 00:10:46, 26.09, 43.68
2023-11-09, 00:10:49, 25.85, 43.72
2023-11-09, 00:10:50, 26.02, 43.83
2023-11-09, 00:10:52, 26.05, 43.8
2023-11-09, 00:10:53, 26.06, 43.8
2023-11-09, 00:10:54, 26.06, 43.77
2023-11-09, 00:10:56, 26.06, 43.77
2023-11-09, 00:10:57, 26.07, 43.74
2023-11-09, 00:10:58, 26.07, 43.74
2023-11-09, 00:11:00, 26.06, 43.74
2023-11-09, 00:11:01, 26.06, 43.71
2023-11-09, 00:11:03, 26.06, 43.71
2023-11-09, 00:11:04, 26.05, 43.71
2023-11-09, 00:11:05, 26.06, 43.71
2023-11-09, 00:11:07, 26.07, 43.71
2023-11-09, 00:11:08, 26.07, 43.71
2023-11-09, 00:11:09, 26.07, 43.68
2023-11-09, 00:11:11, 26.08, 43.68
2023-11-09, 00:11:12, 26.08, 43.71
2023-11-09, 00:11:13, 26.07, 43.68
2023-11-09, 00:11:15, 26.1, 43.71
2023-11-09, 00:11:16, 26.1, 43.68
2023-11-09, 00:11:17, 26.1, 43.68
2023-11-09, 00:11:19, 26.1, 43.68
2023-11-09, 00:11:20, 26.11, 43.68
2023-11-09, 00:11:22, 26.11, 43.68
2023-11-09, 00:11:23, 26.1, 43.65
2023-11-09, 00:11:24, 26.12, 43.65
2023-11-09, 00:11:27, 25.88, 43.72
2023-11-09, 00:11:28, 26.04, 43.77
2023-11-09, 00:11:30, 26.07, 43.74
2023-11-09, 00:11:31, 26.09, 43.74
2023-11-09, 00:11:32, 26.11, 43.75
2023-11-09, 00:11:34, 26.1, 43.74
2023-11-09, 00:11:35, 26.11, 43.68
2023-11-09, 00:11:36, 26.12, 43.68
2023-11-09, 00:11:38, 26.12, 43.68
2023-11-09, 00:11:39, 26.1, 43.65
2023-11-09, 00:11:41, 26.12, 43.65
2023-11-09, 00:11:42, 26.11, 43.65
2023-11-09, 00:11:43, 26.11, 43.62
2023-11-09, 00:11:45, 26.11, 43.62
2023-11-09, 00:11:46, 26.12, 43.62
2023-11-09, 00:11:47, 26.11, 43.62
2023-11-09, 00:11:49, 26.12, 43.62
2023-11-09, 00:11:50, 26.12, 43.65
2023-11-09, 00:11:51, 26.13, 43.62
2023-11-09, 00:11:53, 26.12, 43.62
2023-11-09, 00:11:54, 26.13, 43.62
2023-11-09, 00:11:55, 26.14, 43.62
2023-11-09, 00:11:57, 26.13, 43.62
2023-11-09, 00:11:58, 26.13, 43.62
2023-11-09, 00:12:00, 26.15, 43.62
2023-11-09, 00:12:01, 26.15, 43.59
2023-11-09, 00:12:02, 26.13, 43.62
2023-11-09, 00:12:04, 26.12, 43.62
2023-11-09, 00:12:05, 26.13, 43.62
2023-11-09, 00:12:06, 26.14, 43.62
2023-11-09, 00:12:08, 26.14, 43.62
2023-11-09, 00:12:09, 26.13, 43.62
2023-11-09, 00:12:10, 26.13, 43.62
2023-11-09, 00:12:12, 26.14, 43.62
2023-11-09, 00:12:13, 26.13, 43.62
2023-11-09, 00:12:14, 26.12, 43.62
2023-11-09, 00:12:16, 26.12, 43.62
2023-11-09, 00:12:17, 26.13, 43.62
2023-11-09, 00:12:19, 26.12, 43.62
2023-11-09, 00:12:20, 26.13, 43.62
2023-11-09, 00:12:21, 26.12, 43.62
2023-11-09, 00:12:23, 26.12, 43.62
2023-11-09, 00:12:24, 26.13, 43.62
2023-11-09, 00:12:25, 26.12, 43.65
2023-11-09, 00:12:27, 26.12, 43.65
2023-11-09, 00:12:28, 26.11, 43.65
2023-11-09, 00:12:30, 26.12, 43.62
2023-11-09, 00:12:31, 26.12, 43.62
2023-11-09, 00:12:32, 26.12, 43.65
2023-11-09, 00:12:34, 26.12, 43.62
2023-11-09, 00:12:35, 26.12, 43.68
2023-11-09, 00:12:36, 26.14, 43.65
2023-11-09, 00:12:38, 26.14, 43.62
2023-11-09, 00:12:39, 26.14, 43.62
2023-11-09, 00:12:40, 26.16, 43.62
2023-11-09, 00:12:42, 26.15, 43.62
2023-11-09, 00:12:43, 26.13, 43.62
2023-11-09, 00:12:44, 26.14, 43.62
2023-11-09, 00:12:46, 26.14, 43.62
2023-11-09, 00:12:47, 26.16, 43.62
2023-11-09, 00:12:48, 26.16, 43.62
2023-11-09, 00:12:50, 26.15, 43.62
2023-11-09, 00:12:51, 26.14, 43.62
2023-11-09, 00:12:53, 26.15, 43.62
2023-11-09, 00:12:54, 26.15, 43.62
2023-11-09, 00:12:55, 26.15, 43.62
2023-11-09, 00:12:57, 26.16, 43.59
2023-11-09, 00:12:58, 26.18, 43.62
2023-11-09, 00:12:59, 26.16, 43.59
2023-11-09, 00:13:01, 26.16, 43.56
2023-11-09, 00:13:02, 26.15, 43.59
2023-11-09, 00:13:03, 26.16, 43.59
2023-11-09, 00:13:05, 26.16, 43.59
2023-11-09, 00:13:06, 26.15, 43.59
2023-11-09, 00:13:07, 26.15, 43.55
2023-11-09, 00:13:09, 26.16, 43.59
2023-11-09, 00:13:10, 26.16, 43.56
2023-11-09, 00:13:12, 26.16, 43.59
2023-11-09, 00:13:13, 26.16, 43.56
2023-11-09, 00:13:14, 26.16, 43.56
2023-11-09, 00:13:16, 26.14, 43.55
2023-11-09, 00:13:17, 26.15, 43.62
2023-11-09, 00:13:18, 26.15, 43.62
2023-11-09, 00:13:20, 26.16, 43.62
2023-11-09, 00:13:21, 26.16, 43.62
2023-11-09, 00:13:22, 26.16, 43.62
2023-11-09, 00:13:24, 26.17, 43.62
2023-11-09, 00:13:25, 26.17, 43.59
2023-11-09, 00:13:27, 26.17, 43.59
2023-11-09, 00:13:28, 26.16, 43.59
2023-11-09, 00:13:29, 26.17, 43.59
2023-11-09, 00:13:31, 26.19, 43.59
2023-11-09, 00:13:32, 26.18, 43.56
2023-11-09, 00:13:33, 26.18, 43.56
2023-11-09, 00:13:35, 26.19, 43.56
2023-11-09, 00:13:36, 26.2, 43.56
2023-11-09, 00:13:37, 26.2, 43.56
2023-11-09, 00:13:39, 26.2, 43.56
2023-11-09, 00:13:40, 26.19, 43.56
2023-11-09, 00:13:41, 26.2, 43.56
2023-11-09, 00:13:43, 26.2, 43.53
2023-11-09, 00:13:44, 26.2, 43.53
2023-11-09, 00:13:46, 26.2, 43.53
2023-11-09, 00:13:47, 26.2, 43.53
2023-11-09, 00:13:48, 26.2, 43.53
2023-11-09, 00:13:50, 26.22, 43.53
2023-11-09, 00:13:51, 26.22, 43.53
2023-11-09, 00:13:52, 26.22, 43.53
2023-11-09, 00:13:54, 26.23, 43.53
2023-11-09, 00:13:55, 26.2, 43.53
2023-11-09, 00:13:56, 26.22, 43.5
2023-11-09, 00:13:58, 26.22, 43.5
2023-11-09, 00:13:59, 26.22, 43.5
2023-11-09, 00:14:01, 26.22, 43.5
2023-11-09, 00:14:02, 26.23, 43.5
2023-11-09, 00:14:03, 26.24, 43.5
2023-11-09, 00:14:05, 26.22, 43.5
2023-11-09, 00:14:06, 26.22, 43.5
2023-11-09, 00:14:07, 26.21, 43.5
2023-11-09, 00:14:09, 26.21, 43.5
2023-11-09, 00:14:10, 26.21, 43.5
2023-11-09, 00:14:11, 26.2, 43.53
2023-11-09, 00:14:13, 26.2, 43.53
2023-11-09, 00:14:14, 26.2, 43.53
2023-11-09, 00:14:15, 26.2, 43.53
2023-11-09, 00:14:17, 26.2, 43.56
2023-11-09, 00:14:18, 26.18, 43.56
2023-11-09, 00:14:19, 26.18, 43.56
2023-11-09, 00:14:21, 26.19, 43.56
2023-11-09, 00:14:22, 26.18, 43.56
2023-11-09, 00:14:24, 26.17, 43.59
2023-11-09, 00:14:25, 26.16, 43.59
2023-11-09, 00:14:26, 26.15, 43.62
2023-11-09, 00:14:28, 26.17, 43.62
2023-11-09, 00:14:29, 26.18, 43.62
2023-11-09, 00:14:30, 26.18, 43.62
2023-11-09, 00:14:32, 26.18, 43.62
2023-11-09, 00:14:33, 26.18, 43.62
2023-11-09, 00:14:34, 26.18, 43.62
2023-11-09, 00:14:36, 26.19, 43.62
2023-11-09, 00:14:37, 26.18, 43.59
2023-11-09, 00:14:38, 26.2, 43.63
2023-11-09, 00:14:40, 26.18, 43.62
2023-11-09, 00:14:41, 26.18, 43.62
2023-11-09, 00:14:43, 26.19, 43.59
2023-11-09, 00:14:44, 26.16, 43.59
2023-11-09, 00:14:45, 26.18, 43.62
2023-11-09, 00:14:47, 26.19, 43.62
2023-11-09, 00:14:48, 26.17, 43.62
2023-11-09, 00:14:49, 26.18, 43.62
2023-11-09, 00:14:51, 26.19, 43.62
2023-11-09, 00:14:52, 26.18, 43.62
2023-11-09, 00:14:53, 26.2, 43.63
2023-11-09, 00:14:55, 26.2, 43.63
2023-11-09, 00:14:56, 26.21, 43.63
2023-11-09, 00:14:57, 26.19, 43.59
2023-11-09, 00:14:59, 26.18, 43.59
2023-11-09, 00:15:00, 26.19, 43.62
2023-11-09, 00:15:01, 26.19, 43.59
2023-11-09, 00:15:03, 26.21, 43.56
2023-11-09, 00:15:04, 26.2, 43.59
2023-11-09, 00:15:06, 26.19, 43.59
2023-11-09, 00:15:07, 26.2, 43.59
2023-11-09, 00:15:08, 26.17, 43.59
2023-11-09, 00:15:10, 26.18, 43.62
2023-11-09, 00:15:11, 26.2, 43.63
2023-11-09, 00:15:12, 26.18, 43.62
2023-11-09, 00:15:14, 26.19, 43.62
2023-11-09, 00:15:15, 26.17, 43.59
2023-11-09, 00:15:16, 26.19, 43.62
2023-11-09, 00:15:18, 26.18, 43.62
2023-11-09, 00:15:19, 26.18, 43.62
2023-11-09, 00:15:20, 26.18, 43.62
2023-11-09, 00:15:22, 26.18, 43.62
2023-11-09, 00:15:23, 26.18, 43.62
2023-11-09, 00:15:25, 26.19, 43.62
2023-11-09, 00:15:26, 26.18, 43.62
2023-11-09, 00:15:27, 26.17, 43.62
2023-11-09, 00:15:29, 26.16, 43.65
2023-11-09, 00:15:30, 26.17, 43.62
2023-11-09, 00:15:31, 26.16, 43.62
2023-11-09, 00:15:33, 26.16, 43.65
2023-11-09, 00:15:34, 26.16, 43.69
2023-11-09, 00:15:35, 26.15, 43.68
2023-11-09, 00:15:37, 26.15, 43.68
2023-11-09, 00:15:38, 26.16, 43.69
2023-11-09, 00:15:39, 26.16, 43.69
2023-11-09, 00:15:41, 26.17, 43.69
2023-11-09, 00:15:42, 26.16, 43.69
2023-11-09, 00:15:43, 26.17, 43.69
2023-11-09, 00:15:45, 26.17, 43.69
2023-11-09, 00:15:46, 26.16, 43.69
2023-11-09, 00:15:48, 26.17, 43.69
2023-11-09, 00:15:49, 26.18, 43.69
2023-11-09, 00:15:50, 26.16, 43.69
2023-11-09, 00:15:52, 26.15, 43.68
2023-11-09, 00:15:53, 26.16, 43.69
2023-11-09, 00:15:54, 26.16, 43.69
2023-11-09, 00:15:56, 26.15, 43.68
2023-11-09, 00:15:57, 26.14, 43.68
2023-11-09, 00:15:58, 26.14, 43.68
2023-11-09, 00:16:00, 26.13, 43.75
2023-11-09, 00:16:01, 26.13, 43.72
2023-11-09, 00:16:02, 26.14, 43.75
2023-11-09, 00:16:04, 26.13, 43.75
2023-11-09, 00:16:05, 26.14, 43.75
2023-11-09, 00:16:07, 26.14, 43.75
2023-11-09, 00:16:08, 26.15, 43.75
2023-11-09, 00:16:09, 26.16, 43.72
2023-11-09, 00:16:11, 26.16, 43.75
2023-11-09, 00:16:12, 26.16, 43.72
2023-11-09, 00:16:13, 26.16, 43.72
2023-11-09, 00:16:15, 26.16, 43.72
2023-11-09, 00:16:16, 26.14, 43.75
2023-11-09, 00:16:17, 26.12, 43.75
2023-11-09, 00:16:19, 26.11, 43.75
2023-11-09, 00:16:20, 26.11, 43.75
2023-11-09, 00:16:21, 26.11, 43.75
2023-11-09, 00:16:23, 26.1, 43.78
2023-11-09, 00:16:24, 26.1, 43.74
2023-11-09, 00:16:25, 26.1, 43.81
2023-11-09, 00:16:27, 26.11, 43.81
2023-11-09, 00:16:28, 26.11, 43.78
2023-11-09, 00:16:30, 26.11, 43.81
2023-11-09, 00:16:31, 26.1, 43.81
2023-11-09, 00:16:32, 26.13, 43.81
2023-11-09, 00:16:34, 26.11, 43.81
2023-11-09, 00:16:35, 26.12, 43.81
2023-11-09, 00:16:36, 26.13, 43.81
2023-11-09, 00:16:38, 26.13, 43.81
2023-11-09, 00:16:39, 26.12, 43.81
2023-11-09, 00:16:40, 26.11, 43.81
2023-11-09, 00:16:42, 26.1, 43.81
2023-11-09, 00:16:43, 26.08, 43.81
2023-11-09, 00:16:44, 26.08, 43.81
2023-11-09, 00:16:46, 26.09, 43.81
2023-11-09, 00:16:47, 26.1, 43.81
2023-11-09, 00:16:49, 26.08, 43.84
2023-11-09, 00:16:50, 26.1, 43.81
2023-11-09, 00:16:51, 26.12, 43.84
2023-11-09, 00:16:53, 26.12, 43.81
2023-11-09, 00:16:54, 26.13, 43.81
2023-11-09, 00:16:55, 26.13, 43.81
2023-11-09, 00:16:57, 26.12, 43.81
2023-11-09, 00:16:58, 26.12, 43.81
2023-11-09, 00:16:59, 26.11, 43.81
2023-11-09, 00:17:01, 26.1, 43.78
2023-11-09, 00:17:02, 26.11, 43.81
2023-11-09, 00:17:03, 26.1, 43.81
2023-11-09, 00:17:05, 26.1, 43.81
2023-11-09, 00:17:06, 26.05, 43.8
2023-11-09, 00:17:08, 26.1, 43.84
2023-11-09, 00:17:09, 26.11, 43.84
2023-11-09, 00:17:11, 26.11, 43.84
2023-11-09, 00:17:12, 26.12, 43.84
2023-11-09, 00:17:13, 26.12, 43.81
2023-11-09, 00:17:15, 26.13, 43.85
2023-11-09, 00:17:16, 26.1, 43.81
2023-11-09, 00:17:17, 26.1, 43.81
2023-11-09, 00:17:19, 26.1, 43.81
2023-11-09, 00:17:20, 26.1, 43.84
2023-11-09, 00:17:21, 26.11, 43.84
2023-11-09, 00:17:23, 26.11, 43.88
2023-11-09, 00:17:24, 26.1, 43.87
2023-11-09, 00:17:25, 26.11, 43.88
2023-11-09, 00:17:27, 26.11, 43.88
2023-11-09, 00:17:28, 26.12, 43.88
2023-11-09, 00:17:30, 26.12, 43.84
2023-11-09, 00:17:31, 26.13, 43.85
2023-11-09, 00:17:32, 26.13, 43.81
2023-11-09, 00:17:34, 26.12, 43.81
2023-11-09, 00:17:35, 26.12, 43.81
2023-11-09, 00:17:36, 26.12, 43.84
2023-11-09, 00:17:38, 26.11, 43.81
2023-11-09, 00:17:39, 26.11, 43.81
2023-11-09, 00:17:40, 26.12, 43.88
2023-11-09, 00:17:43, 25.9, 43.88
2023-11-09, 00:17:44, 26.04, 44.0
2023-11-09, 00:17:46, 26.08, 43.97
2023-11-09, 00:17:47, 26.1, 43.94
2023-11-09, 00:17:48, 26.09, 43.94
2023-11-09, 00:17:50, 26.1, 43.94
2023-11-09, 00:17:51, 26.11, 43.91
2023-11-09, 00:17:52, 26.11, 43.91
2023-11-09, 00:17:54, 26.12, 43.88
2023-11-09, 00:17:55, 26.13, 43.85
2023-11-09, 00:17:57, 26.13, 43.85
2023-11-09, 00:17:58, 26.11, 43.81
2023-11-09, 00:17:59, 26.12, 43.84
2023-11-09, 00:18:01, 26.12, 43.84
2023-11-09, 00:18:02, 26.12, 43.84
2023-11-09, 00:18:03, 26.12, 43.81
2023-11-09, 00:18:05, 26.12, 43.81
2023-11-09, 00:18:06, 26.14, 43.81
2023-11-09, 00:18:07, 26.14, 43.81
2023-11-09, 00:18:09, 26.15, 43.82
2023-11-09, 00:18:10, 26.16, 43.82
2023-11-09, 00:18:11, 26.16, 43.82
2023-11-09, 00:18:13, 26.16, 43.78
2023-11-09, 00:18:14, 26.18, 43.79
2023-11-09, 00:18:16, 26.16, 43.75
2023-11-09, 00:18:17, 26.16, 43.78
2023-11-09, 00:18:18, 26.17, 43.75
2023-11-09, 00:18:20, 26.18, 43.75
2023-11-09, 00:18:21, 26.16, 43.75
2023-11-09, 00:18:22, 26.17, 43.75
2023-11-09, 00:18:24, 26.16, 43.75
2023-11-09, 00:18:25, 26.16, 43.75
2023-11-09, 00:18:26, 26.17, 43.72
2023-11-09, 00:18:28, 26.16, 43.72
2023-11-09, 00:18:29, 26.16, 43.75
2023-11-09, 00:18:30, 26.19, 43.72
2023-11-09, 00:18:32, 26.19, 43.72
2023-11-09, 00:18:33, 26.18, 43.72
2023-11-09, 00:18:34, 26.19, 43.69
2023-11-09, 00:18:36, 26.2, 43.69
2023-11-09, 00:18:37, 26.19, 43.69
2023-11-09, 00:18:39, 26.2, 43.69
2023-11-09, 00:18:40, 26.2, 43.69
2023-11-09, 00:18:41, 26.2, 43.69
2023-11-09, 00:18:43, 26.2, 43.69
2023-11-09, 00:18:44, 26.2, 43.69
2023-11-09, 00:18:45, 26.22, 43.69
2023-11-09, 00:18:47, 26.22, 43.66
2023-11-09, 00:18:48, 26.22, 43.66
2023-11-09, 00:18:49, 26.22, 43.66
2023-11-09, 00:18:51, 26.2, 43.63
2023-11-09, 00:18:52, 26.19, 43.66
2023-11-09, 00:18:53, 26.19, 43.66
2023-11-09, 00:18:55, 26.2, 43.69
2023-11-09, 00:18:56, 26.18, 43.69
2023-11-09, 00:18:58, 26.2, 43.69
2023-11-09, 00:18:59, 26.2, 43.66
2023-11-09, 00:19:00, 26.18, 43.69
2023-11-09, 00:19:02, 26.21, 43.69
2023-11-09, 00:19:03, 26.2, 43.69
2023-11-09, 00:19:04, 26.21, 43.69
2023-11-09, 00:19:06, 26.19, 43.66
2023-11-09, 00:19:07, 26.19, 43.66
2023-11-09, 00:19:08, 26.18, 43.66
2023-11-09, 00:19:10, 26.18, 43.69
2023-11-09, 00:19:11, 26.18, 43.69
2023-11-09, 00:19:12, 26.2, 43.69
2023-11-09, 00:19:14, 26.19, 43.69
2023-11-09, 00:19:15, 26.19, 43.69
2023-11-09, 00:19:17, 26.2, 43.69
2023-11-09, 00:19:18, 26.2, 43.66
2023-11-09, 00:19:19, 26.17, 43.69
2023-11-09, 00:19:21, 26.17, 43.69
2023-11-09, 00:19:22, 26.18, 43.69
2023-11-09, 00:19:23, 26.16, 43.69
2023-11-09, 00:19:25, 26.16, 43.69
2023-11-09, 00:19:26, 26.17, 43.72
2023-11-09, 00:19:27, 26.16, 43.72
2023-11-09, 00:19:29, 26.16, 43.75
2023-11-09, 00:19:30, 26.18, 43.75
2023-11-09, 00:19:31, 26.16, 43.72
2023-11-09, 00:19:33, 26.18, 43.72
2023-11-09, 00:19:34, 26.17, 43.72
2023-11-09, 00:19:35, 26.18, 43.72
2023-11-09, 00:19:37, 26.18, 43.72
2023-11-09, 00:19:38, 26.17, 43.72
2023-11-09, 00:19:40, 26.16, 43.72
2023-11-09, 00:19:41, 26.16, 43.72
2023-11-09, 00:19:42, 26.14, 43.72
2023-11-09, 00:19:44, 26.17, 43.72
2023-11-09, 00:19:45, 26.16, 43.75
2023-11-09, 00:19:46, 26.14, 43.72
2023-11-09, 00:19:48, 26.15, 43.75
2023-11-09, 00:19:49, 26.15, 43.75
2023-11-09, 00:19:50, 26.16, 43.75
2023-11-09, 00:19:52, 26.16, 43.72
2023-11-09, 00:19:53, 26.16, 43.72
2023-11-09, 00:19:54, 26.18, 43.72
2023-11-09, 00:19:56, 26.17, 43.72
2023-11-09, 00:19:57, 26.17, 43.72
2023-11-09, 00:19:59, 26.16, 43.69
2023-11-09, 00:20:00, 26.17, 43.69
2023-11-09, 00:20:01, 26.16, 43.72
2023-11-09, 00:20:03, 26.16, 43.72
2023-11-09, 00:20:04, 26.14, 43.72
2023-11-09, 00:20:05, 26.14, 43.72
2023-11-09, 00:20:07, 26.15, 43.75
2023-11-09, 00:20:08, 26.16, 43.72
2023-11-09, 00:20:09, 26.16, 43.75
2023-11-09, 00:20:11, 26.15, 43.75
2023-11-09, 00:20:12, 26.15, 43.75
2023-11-09, 00:20:14, 26.15, 43.75
2023-11-09, 00:20:15, 26.13, 43.75
2023-11-09, 00:20:16, 26.12, 43.75
2023-11-09, 00:20:18, 26.12, 43.78
2023-11-09, 00:20:19, 26.13, 43.78
2023-11-09, 00:20:20, 26.14, 43.78
2023-11-09, 00:20:22, 26.14, 43.78
2023-11-09, 00:20:23, 26.15, 43.78
2023-11-09, 00:20:24, 26.14, 43.75
2023-11-09, 00:20:42, 25.52, 44.94
2023-11-09, 00:20:43, 25.74, 44.94
2023-11-09, 00:20:44, 25.83, 44.82
2023-11-09, 00:20:46, 25.86, 44.69
2023-11-09, 00:20:47, 25.91, 44.6
2023-11-09, 00:20:48, 25.91, 44.5
2023-11-09, 00:20:50, 25.93, 44.44
2023-11-09, 00:20:51, 25.95, 44.38
2023-11-09, 00:20:52, 25.98, 44.32
2023-11-09, 00:20:54, 25.99, 44.25
2023-11-09, 00:20:55, 26.0, 44.19
2023-11-09, 00:20:57, 26.02, 44.16
2023-11-09, 00:20:58, 26.02, 44.13
2023-11-09, 00:20:59, 26.03, 44.13
2023-11-09, 00:21:01, 26.04, 44.06
2023-11-09, 00:21:02, 26.05, 44.06
2023-11-09, 00:21:03, 26.06, 44.03
2023-11-09, 00:21:05, 26.08, 44.04
2023-11-09, 00:21:06, 26.06, 44.0
2023-11-09, 00:21:07, 26.07, 44.0
2023-11-09, 00:21:09, 26.06, 43.97
2023-11-09, 00:21:10, 26.08, 43.97
2023-11-09, 00:21:11, 26.08, 43.94
2023-11-09, 00:21:13, 26.09, 43.94
2023-11-09, 00:21:14, 26.1, 43.91
2023-11-09, 00:21:15, 26.1, 43.91
2023-11-09, 00:21:17, 26.1, 43.87
2023-11-09, 00:21:18, 26.12, 43.88
2023-11-09, 00:21:20, 26.1, 43.87
2023-11-09, 00:21:21, 26.12, 43.88
2023-11-09, 00:21:22, 26.1, 43.84
2023-11-09, 00:21:30, 25.62, 44.47
2023-11-09, 00:21:36, 25.85, 44.69
2023-11-09, 00:21:37, 25.85, 44.69
2023-11-09, 00:21:38, 25.91, 44.63
2023-11-09, 00:21:40, 25.96, 44.51
2023-11-09, 00:21:41, 25.97, 44.41
2023-11-09, 00:21:42, 25.98, 44.35
2023-11-09, 00:21:44, 25.99, 44.25
2023-11-09, 00:21:45, 26.02, 44.22
2023-11-09, 00:21:46, 26.05, 44.16
2023-11-09, 00:21:48, 26.04, 44.1
2023-11-09, 00:21:49, 26.07, 44.07
2023-11-09, 00:21:51, 26.08, 44.04
2023-11-09, 00:21:52, 26.08, 44.0
2023-11-09, 00:21:53, 26.09, 44.0
2023-11-09, 00:21:55, 26.09, 43.94
2023-11-09, 00:21:56, 26.1, 43.94
2023-11-09, 00:21:57, 26.1, 43.94
2023-11-09, 00:21:59, 26.12, 43.91
2023-11-09, 00:22:00, 26.12, 43.88
2023-11-09, 00:22:01, 26.12, 43.88
2023-11-09, 00:22:03, 26.13, 43.88
2023-11-09, 00:22:04, 26.14, 43.85
2023-11-09, 00:22:05, 26.13, 43.81
2023-11-09, 00:22:07, 26.14, 43.81
2023-11-09, 00:22:08, 26.15, 43.82
2023-11-09, 00:22:10, 26.14, 43.81
2023-11-09, 00:22:11, 26.14, 43.81
2023-11-09, 00:22:12, 26.14, 43.78
2023-11-09, 00:22:14, 26.13, 43.81
2023-11-09, 00:22:15, 26.12, 43.81
2023-11-09, 00:22:16, 26.12, 43.81
2023-11-09, 00:22:18, 26.1, 43.81
2023-11-09, 00:22:19, 26.1, 43.81
2023-11-09, 00:22:20, 26.1, 43.81
2023-11-09, 00:22:22, 26.11, 43.81
2023-11-09, 00:22:23, 26.11, 43.81
2023-11-09, 00:22:24, 26.13, 43.81
2023-11-09, 00:22:26, 26.13, 43.81
2023-11-09, 00:22:27, 26.15, 43.82
2023-11-09, 00:22:29, 26.15, 43.82
2023-11-09, 00:22:30, 26.15, 43.75
2023-11-09, 00:22:31, 26.16, 43.75
2023-11-09, 00:22:33, 26.15, 43.75
2023-11-09, 00:22:34, 26.16, 43.75
2023-11-09, 00:22:35, 26.16, 43.75
2023-11-09, 00:22:37, 26.16, 43.72
2023-11-09, 00:22:38, 26.16, 43.72
2023-11-09, 00:22:39, 26.17, 43.72
2023-11-09, 00:22:41, 26.16, 43.69
2023-11-09, 00:22:42, 26.16, 43.69
2023-11-09, 00:22:43, 26.15, 43.68
2023-11-09, 00:22:45, 26.14, 43.68
2023-11-09, 00:22:46, 26.14, 43.72
2023-11-09, 00:22:48, 26.15, 43.75
2023-11-09, 00:22:49, 26.14, 43.75
2023-11-09, 00:22:50, 26.14, 43.75
2023-11-09, 00:22:52, 26.14, 43.72
2023-11-09, 00:22:53, 26.14, 43.75
2023-11-09, 00:22:54, 26.14, 43.72
2023-11-09, 00:22:56, 26.15, 43.68
2023-11-09, 00:22:57, 26.15, 43.72
2023-11-09, 00:22:58, 26.16, 43.72
2023-11-09, 00:23:00, 26.16, 43.69
2023-11-09, 00:23:01, 26.16, 43.69
2023-11-09, 00:23:02, 26.17, 43.69
2023-11-09, 00:23:04, 26.14, 43.68
2023-11-09, 00:23:05, 26.16, 43.69
2023-11-09, 00:23:07, 26.16, 43.69
2023-11-09, 00:23:08, 26.16, 43.69
2023-11-09, 00:23:09, 26.15, 43.68
2023-11-09, 00:23:11, 26.15, 43.68
2023-11-09, 00:23:12, 26.15, 43.68
2023-11-09, 00:23:13, 26.16, 43.69
2023-11-09, 00:23:15, 26.16, 43.69
2023-11-09, 00:23:16, 26.17, 43.69
2023-11-09, 00:23:17, 26.16, 43.69
2023-11-09, 00:23:19, 26.16, 43.69
2023-11-09, 00:23:20, 26.19, 43.66
2023-11-09, 00:23:22, 26.18, 43.66
2023-11-09, 00:23:23, 26.18, 43.62
2023-11-09, 00:23:24, 26.19, 43.62
2023-11-09, 00:23:26, 26.19, 43.62
2023-11-09, 00:23:27, 26.2, 43.63
2023-11-09, 00:23:28, 26.19, 43.62
2023-11-09, 00:23:30, 26.19, 43.59
2023-11-09, 00:23:31, 26.19, 43.59
2023-11-09, 00:23:32, 26.2, 43.59
2023-11-09, 00:23:34, 26.2, 43.59
2023-11-09, 00:23:35, 26.21, 43.56
2023-11-09, 00:23:36, 26.18, 43.56
2023-11-09, 00:23:38, 26.18, 43.56
2023-11-09, 00:23:39, 26.19, 43.56
2023-11-09, 00:23:41, 26.18, 43.56
2023-11-09, 00:23:42, 26.18, 43.59
2023-11-09, 00:23:43, 26.16, 43.56
2023-11-09, 00:23:45, 26.16, 43.59
2023-11-09, 00:23:46, 26.16, 43.59
2023-11-09, 00:23:47, 26.16, 43.62
2023-11-09, 00:23:49, 26.18, 43.62
2023-11-09, 00:23:50, 26.16, 43.62
2023-11-09, 00:23:51, 26.18, 43.62
2023-11-09, 00:23:53, 26.2, 43.59
2023-11-09, 00:23:54, 26.2, 43.63
2023-11-09, 00:23:56, 26.19, 43.59
2023-11-09, 00:23:57, 26.19, 43.59
2023-11-09, 00:23:58, 26.19, 43.56
2023-11-09, 00:24:00, 26.2, 43.56
2023-11-09, 00:24:01, 26.2, 43.56
2023-11-09, 00:24:02, 26.22, 43.56
2023-11-09, 00:24:04, 26.21, 43.53
2023-11-09, 00:24:05, 26.23, 43.53
2023-11-09, 00:24:06, 26.22, 43.5
2023-11-09, 00:24:08, 26.22, 43.5
2023-11-09, 00:24:09, 26.22, 43.5
2023-11-09, 00:24:10, 26.21, 43.5
2023-11-09, 00:24:12, 26.2, 43.5
2023-11-09, 00:24:13, 26.19, 43.49
2023-11-09, 00:24:15, 26.18, 43.49
2023-11-09, 00:24:16, 26.18, 43.53
2023-11-09, 00:24:17, 26.2, 43.53
2023-11-09, 00:24:19, 26.19, 43.56
2023-11-09, 00:24:20, 26.18, 43.56
2023-11-09, 00:24:21, 26.18, 43.56
2023-11-09, 00:24:23, 26.18, 43.56
2023-11-09, 00:24:24, 26.18, 43.56
2023-11-09, 00:24:25, 26.18, 43.56
2023-11-09, 00:24:27, 26.18, 43.56
2023-11-09, 00:24:28, 26.17, 43.56
2023-11-09, 00:24:29, 26.16, 43.56
2023-11-09, 00:24:31, 26.16, 43.59
2023-11-09, 00:24:32, 26.16, 43.62
2023-11-09, 00:24:33, 26.16, 43.62
2023-11-09, 00:24:35, 26.15, 43.62
2023-11-09, 00:24:36, 26.14, 43.62
2023-11-09, 00:24:38, 26.15, 43.62
2023-11-09, 00:24:39, 26.16, 43.62
2023-11-09, 00:24:40, 26.16, 43.62
2023-11-09, 00:24:42, 26.15, 43.62
2023-11-09, 00:24:43, 26.16, 43.62
2023-11-09, 00:24:44, 26.16, 43.62
2023-11-09, 00:24:46, 26.15, 43.62
2023-11-09, 00:24:47, 26.16, 43.59
2023-11-09, 00:24:48, 26.16, 43.62
2023-11-09, 00:24:50, 26.15, 43.62
2023-11-09, 00:24:51, 26.16, 43.62
2023-11-09, 00:24:52, 26.16, 43.62
2023-11-09, 00:24:54, 26.15, 43.62
2023-11-09, 00:24:55, 26.14, 43.62
2023-11-09, 00:24:56, 26.14, 43.62
2023-11-09, 00:24:58, 26.16, 43.62
2023-11-09, 00:24:59, 26.14, 43.62
2023-11-09, 00:25:01, 26.15, 43.62
2023-11-09, 00:25:02, 26.16, 43.62
2023-11-09, 00:25:03, 26.16, 43.62
2023-11-09, 00:25:05, 26.16, 43.59
2023-11-09, 00:25:06, 26.17, 43.59
2023-11-09, 00:25:07, 26.16, 43.59
2023-11-09, 00:25:09, 26.16, 43.59
2023-11-09, 00:25:10, 26.18, 43.59
2023-11-09, 00:25:11, 26.16, 43.56
2023-11-09, 00:25:13, 26.14, 43.59
2023-11-09, 00:25:14, 26.15, 43.59
2023-11-09, 00:25:15, 26.15, 43.59
2023-11-09, 00:25:17, 26.16, 43.62
2023-11-09, 00:25:18, 26.14, 43.59
2023-11-09, 00:25:20, 26.14, 43.62
2023-11-09, 00:25:21, 26.14, 43.62
2023-11-09, 00:25:22, 26.13, 43.62
2023-11-09, 00:25:24, 26.14, 43.62
2023-11-09, 00:25:25, 26.13, 43.62
2023-11-09, 00:25:26, 26.14, 43.62
2023-11-09, 00:25:28, 26.14, 43.62
2023-11-09, 00:25:29, 26.14, 43.62
2023-11-09, 00:25:30, 26.13, 43.62
2023-11-09, 00:25:32, 26.14, 43.65
2023-11-09, 00:25:33, 26.14, 43.62
2023-11-09, 00:25:35, 26.13, 43.62
2023-11-09, 00:25:36, 26.12, 43.65
2023-11-09, 00:25:37, 26.1, 43.61
2023-11-09, 00:25:39, 26.1, 43.68
2023-11-09, 00:25:40, 26.1, 43.68
2023-11-09, 00:25:41, 26.1, 43.68
2023-11-09, 00:25:43, 26.12, 43.68
2023-11-09, 00:25:44, 26.11, 43.68
2023-11-09, 00:25:45, 26.12, 43.68
2023-11-09, 00:25:47, 26.12, 43.68
2023-11-09, 00:25:48, 26.12, 43.68
2023-11-09, 00:25:49, 26.13, 43.68
2023-11-09, 00:25:51, 26.13, 43.68
2023-11-09, 00:25:52, 26.14, 43.65
2023-11-09, 00:25:54, 26.13, 43.65
2023-11-09, 00:25:55, 26.13, 43.65
2023-11-09, 00:25:56, 26.13, 43.65
2023-11-09, 00:25:58, 26.15, 43.62
2023-11-09, 00:25:59, 26.16, 43.62
2023-11-09, 00:26:00, 26.16, 43.62
2023-11-09, 00:26:02, 26.16, 43.62
2023-11-09, 00:26:03, 26.14, 43.62
2023-11-09, 00:26:04, 26.15, 43.59
2023-11-09, 00:26:06, 26.16, 43.59
2023-11-09, 00:26:07, 26.15, 43.62
2023-11-09, 00:26:08, 26.15, 43.59
2023-11-09, 00:26:10, 26.16, 43.59
2023-11-09, 00:26:11, 26.14, 43.59
2023-11-09, 00:26:13, 26.15, 43.59
2023-11-09, 00:26:14, 26.14, 43.59
2023-11-09, 00:26:15, 26.14, 43.62
2023-11-09, 00:26:17, 26.14, 43.59
2023-11-09, 00:26:18, 26.14, 43.62
2023-11-09, 00:26:19, 26.15, 43.59
2023-11-09, 00:26:21, 26.15, 43.62
2023-11-09, 00:26:22, 26.16, 43.59
2023-11-09, 00:26:23, 26.16, 43.59
2023-11-09, 00:26:25, 26.17, 43.56
2023-11-09, 00:26:26, 26.16, 43.56
2023-11-09, 00:26:27, 26.18, 43.56
2023-11-09, 00:26:29, 26.18, 43.56
2023-11-09, 00:26:30, 26.15, 43.55
2023-11-09, 00:26:32, 26.17, 43.52
2023-11-09, 00:26:33, 26.18, 43.53
2023-11-09, 00:26:34, 26.16, 43.56
2023-11-09, 00:26:36, 26.17, 43.52
2023-11-09, 00:26:37, 26.17, 43.52
2023-11-09, 00:26:38, 26.17, 43.56
2023-11-09, 00:26:40, 26.18, 43.56
2023-11-09, 00:26:41, 26.18, 43.53
2023-11-09, 00:26:42, 26.18, 43.56
2023-11-09, 00:26:44, 26.18, 43.53
2023-11-09, 00:26:45, 26.19, 43.49
2023-11-09, 00:26:47, 26.19, 43.49
2023-11-09, 00:26:48, 26.19, 43.49
2023-11-09, 00:26:49, 26.22, 43.46
2023-11-09, 00:26:51, 26.2, 43.46
2023-11-09, 00:26:52, 26.2, 43.5
2023-11-09, 00:26:53, 26.21, 43.46
2023-11-09, 00:26:55, 26.2, 43.43
2023-11-09, 00:26:56, 26.19, 43.43
2023-11-09, 00:26:57, 26.2, 43.43
2023-11-09, 00:26:59, 26.18, 43.43
2023-11-09, 00:27:00, 26.2, 43.43
2023-11-09, 00:27:01, 26.18, 43.43
2023-11-09, 00:27:03, 26.19, 43.43
2023-11-09, 00:27:04, 26.2, 43.43
2023-11-09, 00:27:06, 26.2, 43.43
2023-11-09, 00:27:07, 26.2, 43.43
2023-11-09, 00:27:08, 26.2, 43.43
2023-11-09, 00:27:10, 26.22, 43.4
2023-11-09, 00:27:11, 26.2, 43.43
2023-11-09, 00:27:12, 26.21, 43.4
2023-11-09, 00:27:14, 26.21, 43.4
2023-11-09, 00:27:15, 26.21, 43.4
2023-11-09, 00:27:16, 26.2, 43.4
2023-11-09, 00:27:18, 26.2, 43.4
2023-11-09, 00:27:19, 26.19, 43.4
2023-11-09, 00:27:21, 26.2, 43.4
2023-11-09, 00:27:22, 26.18, 43.36
2023-11-09, 00:27:23, 26.16, 43.43
2023-11-09, 00:27:25, 26.18, 43.4
2023-11-09, 00:27:26, 26.16, 43.43
2023-11-09, 00:27:27, 26.18, 43.43
2023-11-09, 00:27:29, 26.16, 43.43
2023-11-09, 00:27:30, 26.17, 43.43
2023-11-09, 00:27:31, 26.16, 43.43
2023-11-09, 00:27:33, 26.16, 43.46
2023-11-09, 00:27:34, 26.16, 43.46
2023-11-09, 00:27:35, 26.15, 43.49
2023-11-09, 00:27:37, 26.15, 43.46
2023-11-09, 00:27:38, 26.15, 43.49
2023-11-09, 00:27:40, 26.16, 43.49
2023-11-09, 00:27:41, 26.15, 43.49
2023-11-09, 00:27:42, 26.16, 43.46
2023-11-09, 00:27:44, 26.17, 43.49
2023-11-09, 00:27:45, 26.18, 43.49
2023-11-09, 00:27:46, 26.18, 43.43
2023-11-09, 00:27:48, 26.16, 43.46
2023-11-09, 00:27:49, 26.18, 43.43
2023-11-09, 00:27:50, 26.18, 43.43
2023-11-09, 00:27:52, 26.17, 43.43
2023-11-09, 00:27:53, 26.18, 43.43
2023-11-09, 00:27:55, 26.17, 43.43
2023-11-09, 00:27:56, 26.17, 43.43
2023-11-09, 00:27:57, 26.16, 43.43
2023-11-09, 00:27:59, 26.16, 43.46
2023-11-09, 00:28:00, 26.15, 43.42
2023-11-09, 00:28:01, 26.14, 43.42
2023-11-09, 00:28:03, 26.14, 43.46
2023-11-09, 00:28:04, 26.14, 43.46
2023-11-09, 00:28:05, 26.16, 43.49
2023-11-09, 00:28:07, 26.14, 43.46
2023-11-09, 00:28:08, 26.16, 43.49
2023-11-09, 00:28:09, 26.17, 43.46
2023-11-09, 00:28:11, 26.17, 43.43
2023-11-09, 00:28:12, 26.18, 43.46
2023-11-09, 00:28:14, 26.18, 43.43
2023-11-09, 00:28:15, 26.17, 43.43
2023-11-09, 00:28:16, 26.19, 43.43
2023-11-09, 00:28:18, 26.17, 43.43
2023-11-09, 00:28:19, 26.19, 43.43
2023-11-09, 00:28:20, 26.18, 43.43
2023-11-09, 00:28:22, 26.18, 43.4
2023-11-09, 00:28:23, 26.18, 43.43
2023-11-09, 00:28:24, 26.18, 43.4
2023-11-09, 00:28:26, 26.18, 43.4
2023-11-09, 00:28:27, 26.18, 43.36
2023-11-09, 00:28:28, 26.2, 43.36
2023-11-09, 00:28:30, 26.19, 43.36
2023-11-09, 00:28:31, 26.17, 43.36
2023-11-09, 00:28:33, 26.18, 43.4
2023-11-09, 00:28:34, 26.17, 43.36
2023-11-09, 00:28:35, 26.16, 43.39
2023-11-09, 00:28:37, 26.16, 43.39
2023-11-09, 00:28:38, 26.15, 43.39
2023-11-09, 00:28:40, 26.13, 43.42
2023-11-09, 00:28:41, 26.14, 43.42
2023-11-09, 00:28:42, 26.14, 43.42
2023-11-09, 00:28:44, 26.16, 43.46
2023-11-09, 00:28:45, 26.16, 43.46
2023-11-09, 00:28:46, 26.15, 43.46
2023-11-09, 00:28:48, 26.14, 43.42
2023-11-09, 00:28:49, 26.14, 43.46
2023-11-09, 00:28:50, 26.15, 43.49
2023-11-09, 00:28:52, 26.16, 43.46
2023-11-09, 00:28:53, 26.16, 43.46
2023-11-09, 00:28:54, 26.16, 43.46
2023-11-09, 00:28:56, 26.15, 43.46
2023-11-09, 00:28:57, 26.17, 43.46
2023-11-09, 00:28:59, 26.16, 43.43
2023-11-09, 00:29:00, 26.16, 43.43
2023-11-09, 00:29:01, 26.14, 43.42
2023-11-09, 00:29:03, 26.14, 43.42
2023-11-09, 00:29:04, 26.15, 43.42
2023-11-09, 00:29:05, 26.14, 43.46
2023-11-09, 00:29:07, 26.13, 43.45
2023-11-09, 00:29:08, 26.13, 43.45
2023-11-09, 00:29:09, 26.12, 43.45
2023-11-09, 00:29:11, 26.12, 43.49
2023-11-09, 00:29:12, 26.14, 43.49
2023-11-09, 00:29:13, 26.14, 43.49
2023-11-09, 00:29:15, 26.13, 43.49
2023-11-09, 00:29:16, 26.15, 43.49
2023-11-09, 00:29:18, 26.13, 43.49
2023-11-09, 00:29:19, 26.15, 43.49
2023-11-09, 00:29:20, 26.14, 43.49
2023-11-09, 00:29:22, 26.14, 43.46
2023-11-09, 00:29:23, 26.18, 43.46
2023-11-09, 00:29:24, 26.15, 43.46
2023-11-09, 00:29:26, 26.19, 43.43
2023-11-09, 00:29:27, 26.16, 43.43
2023-11-09, 00:29:28, 26.17, 43.43
2023-11-09, 00:29:30, 26.18, 43.43
2023-11-09, 00:29:31, 26.18, 43.4
2023-11-09, 00:29:32, 26.16, 43.43
2023-11-09, 00:29:34, 26.16, 43.43
2023-11-09, 00:29:35, 26.18, 43.4
2023-11-09, 00:29:37, 26.17, 43.43
2023-11-09, 00:29:38, 26.17, 43.39
2023-11-09, 00:29:39, 26.18, 43.4
2023-11-09, 00:29:41, 26.18, 43.4
2023-11-09, 00:29:42, 26.18, 43.4
2023-11-09, 00:29:43, 26.17, 43.39
2023-11-09, 00:29:45, 26.18, 43.4
2023-11-09, 00:29:46, 26.19, 43.4
2023-11-09, 00:29:47, 26.19, 43.36
2023-11-09, 00:29:49, 26.18, 43.36
2023-11-09, 00:29:50, 26.18, 43.36
2023-11-09, 00:29:52, 26.18, 43.36
2023-11-09, 00:29:53, 26.19, 43.36
2023-11-09, 00:29:54, 26.18, 43.36
2023-11-09, 00:29:56, 26.2, 43.36
2023-11-09, 00:29:57, 26.18, 43.36
2023-11-09, 00:29:58, 26.18, 43.36
2023-11-09, 00:30:00, 26.18, 43.36
2023-11-09, 00:30:01, 26.16, 43.36
2023-11-09, 00:30:02, 26.18, 43.36
2023-11-09, 00:30:04, 26.18, 43.36
2023-11-09, 00:30:05, 26.18, 43.36
2023-11-09, 00:30:07, 26.17, 43.36
2023-11-09, 00:30:08, 26.16, 43.36
2023-11-09, 00:30:09, 26.16, 43.39
2023-11-09, 00:30:11, 26.17, 43.39
2023-11-09, 00:30:12, 26.18, 43.36
2023-11-09, 00:30:13, 26.19, 43.36
2023-11-09, 00:30:15, 26.19, 43.36
2023-11-09, 00:30:16, 26.19, 43.36
2023-11-09, 00:30:17, 26.19, 43.36
2023-11-09, 00:30:19, 26.2, 43.33
2023-11-09, 00:30:20, 26.18, 43.33
2023-11-09, 00:30:22, 26.2, 43.33
2023-11-09, 00:30:23, 26.19, 43.33
2023-11-09, 00:30:24, 26.18, 43.33
2023-11-09, 00:30:49, 25.51, 44.78
2023-11-09, 00:30:50, 25.75, 44.71
2023-11-09, 00:30:52, 25.84, 44.59
2023-11-09, 00:30:53, 25.89, 44.44
2023-11-09, 00:30:54, 25.93, 44.31
2023-11-09, 00:30:56, 25.94, 44.15
2023-11-09, 00:30:57, 25.96, 44.09
2023-11-09, 00:30:58, 25.98, 43.99
2023-11-09, 00:31:00, 26.0, 43.93
2023-11-09, 00:31:01, 26.01, 43.86
2023-11-09, 00:31:02, 26.02, 43.83
2023-11-09, 00:31:04, 26.01, 43.8
2023-11-09, 00:31:05, 26.03, 43.77
2023-11-09, 00:31:07, 26.04, 43.74
2023-11-09, 00:31:08, 26.04, 43.7
2023-11-09, 00:31:09, 26.04, 43.7
2023-11-09, 00:31:11, 26.05, 43.67
2023-11-09, 00:31:12, 26.06, 43.61
2023-11-09, 00:31:13, 26.07, 43.61
2023-11-09, 00:31:15, 26.08, 43.61
2023-11-09, 00:31:16, 26.08, 43.58
2023-11-09, 00:31:17, 26.08, 43.55
2023-11-09, 00:31:19, 26.07, 43.55
2023-11-09, 00:31:20, 26.09, 43.55
2023-11-09, 00:31:21, 26.1, 43.52
2023-11-09, 00:31:30, 25.65, 44.12
2023-11-09, 00:31:32, 25.85, 44.17
2023-11-09, 00:31:33, 25.93, 44.12
2023-11-09, 00:31:34, 25.96, 44.02
2023-11-09, 00:31:36, 26.0, 43.96
2023-11-09, 00:31:37, 25.99, 43.86
2023-11-09, 00:31:38, 25.99, 43.8
2023-11-09, 00:31:40, 25.98, 43.8
2023-11-09, 00:31:41, 26.0, 43.77
2023-11-09, 00:31:42, 25.99, 43.73
2023-11-09, 00:31:44, 25.98, 43.73
2023-11-09, 00:31:45, 25.97, 43.73
2023-11-09, 00:31:47, 25.95, 43.73
2023-11-09, 00:31:48, 25.96, 43.73
2023-11-09, 00:31:49, 25.98, 43.73
2023-11-09, 00:31:51, 25.99, 43.73
2023-11-09, 00:31:52, 26.0, 43.73
2023-11-09, 00:31:53, 25.99, 43.7
2023-11-09, 00:31:55, 26.0, 43.7
2023-11-09, 00:31:56, 26.01, 43.7
2023-11-09, 00:31:57, 26.01, 43.67
2023-11-09, 00:31:59, 26.02, 43.67
2023-11-09, 00:32:00, 26.04, 43.67
2023-11-09, 00:32:01, 26.05, 43.61
2023-11-09, 00:32:03, 26.06, 43.61
2023-11-09, 00:32:04, 26.06, 43.61
2023-11-09, 00:32:06, 26.04, 43.57
2023-11-09, 00:32:07, 26.05, 43.58
2023-11-09, 00:32:08, 26.06, 43.58
2023-11-09, 00:32:10, 26.06, 43.54
2023-11-09, 00:32:11, 26.06, 43.54
2023-11-09, 00:32:12, 26.06, 43.58
2023-11-09, 00:32:14, 26.06, 43.54
2023-11-09, 00:32:15, 26.07, 43.55
2023-11-09, 00:32:16, 26.08, 43.55
2023-11-09, 00:32:18, 26.07, 43.55
2023-11-09, 00:32:19, 26.07, 43.51
2023-11-09, 00:32:20, 26.09, 43.48
2023-11-09, 00:32:22, 26.1, 43.48
2023-11-09, 00:32:23, 26.1, 43.48
2023-11-09, 00:32:25, 26.1, 43.45
2023-11-09, 00:32:26, 26.12, 43.42
2023-11-09, 00:32:27, 26.11, 43.45
2023-11-09, 00:32:29, 26.1, 43.42
2023-11-09, 00:32:30, 26.1, 43.42
2023-11-09, 00:32:31, 26.1, 43.42
2023-11-09, 00:32:33, 26.1, 43.45
2023-11-09, 00:32:34, 26.07, 43.41
2023-11-09, 00:32:35, 26.06, 43.45
2023-11-09, 00:32:37, 26.06, 43.45
2023-11-09, 00:32:38, 26.07, 43.48
2023-11-09, 00:32:39, 26.06, 43.48
2023-11-09, 00:32:41, 26.05, 43.48
2023-11-09, 00:32:42, 26.04, 43.48
2023-11-09, 00:32:43, 26.06, 43.48
2023-11-09, 00:32:45, 26.07, 43.48
2023-11-09, 00:32:46, 26.07, 43.48
2023-11-09, 00:32:48, 26.06, 43.48
2023-11-09, 00:32:49, 26.08, 43.48
2023-11-09, 00:32:50, 26.08, 43.48
2023-11-09, 00:32:52, 26.09, 43.48
2023-11-09, 00:32:53, 26.08, 43.48
2023-11-09, 00:32:54, 26.08, 43.48
2023-11-09, 00:32:56, 26.06, 43.48
2023-11-09, 00:32:57, 26.06, 43.48
2023-11-09, 00:32:58, 26.06, 43.48
2023-11-09, 00:33:00, 26.06, 43.48
2023-11-09, 00:33:01, 26.07, 43.48
2023-11-09, 00:33:02, 26.08, 43.48
2023-11-09, 00:33:04, 26.08, 43.45
2023-11-09, 00:33:05, 26.08, 43.45
2023-11-09, 00:33:07, 26.08, 43.45
2023-11-09, 00:33:08, 26.09, 43.45
2023-11-09, 00:33:09, 26.1, 43.45
2023-11-09, 00:33:11, 26.08, 43.42
2023-11-09, 00:33:12, 26.1, 43.42
2023-11-09, 00:33:13, 26.11, 43.42
2023-11-09, 00:33:15, 26.1, 43.42
2023-11-09, 00:33:16, 26.09, 43.42
2023-11-09, 00:33:17, 26.1, 43.42
2023-11-09, 00:33:19, 26.1, 43.42
2023-11-09, 00:33:20, 26.11, 43.39
2023-11-09, 00:33:21, 26.12, 43.39
2023-11-09, 00:33:23, 26.11, 43.39
2023-11-09, 00:33:24, 26.11, 43.39
2023-11-09, 00:33:26, 26.11, 43.42
2023-11-09, 00:33:27, 26.1, 43.42
2023-11-09, 00:33:28, 26.1, 43.42
2023-11-09, 00:33:30, 26.11, 43.42
2023-11-09, 00:33:31, 26.11, 43.42
2023-11-09, 00:33:32, 26.1, 43.42
2023-11-09, 00:33:34, 26.1, 43.42
2023-11-09, 00:33:35, 26.09, 43.42
2023-11-09, 00:33:36, 26.1, 43.42
2023-11-09, 00:33:38, 26.08, 43.42
2023-11-09, 00:33:39, 26.08, 43.45
2023-11-09, 00:33:40, 26.08, 43.42
2023-11-09, 00:33:42, 26.08, 43.45
2023-11-09, 00:33:43, 26.08, 43.45
2023-11-09, 00:33:45, 26.08, 43.45
2023-11-09, 00:33:46, 26.09, 43.48
2023-11-09, 00:33:47, 26.1, 43.48
2023-11-09, 00:33:49, 26.1, 43.45
2023-11-09, 00:33:50, 26.11, 43.45
2023-11-09, 00:33:51, 26.1, 43.42
2023-11-09, 00:33:53, 26.08, 43.42
2023-11-09, 00:33:54, 26.07, 43.45
2023-11-09, 00:33:55, 26.06, 43.41
2023-11-09, 00:33:57, 26.08, 43.48
2023-11-09, 00:33:58, 26.06, 43.48
2023-11-09, 00:33:59, 26.07, 43.48
2023-11-09, 00:34:01, 26.07, 43.48
2023-11-09, 00:34:02, 26.07, 43.48
2023-11-09, 00:34:03, 26.08, 43.48
2023-11-09, 00:34:05, 26.07, 43.48
2023-11-09, 00:34:06, 26.07, 43.48
2023-11-09, 00:34:08, 26.07, 43.48
2023-11-09, 00:34:09, 26.07, 43.48
2023-11-09, 00:34:10, 26.07, 43.48
2023-11-09, 00:34:12, 26.07, 43.48
2023-11-09, 00:34:13, 26.07, 43.48
2023-11-09, 00:34:14, 26.09, 43.48
2023-11-09, 00:34:16, 26.09, 43.48
2023-11-09, 00:34:17, 26.1, 43.48
2023-11-09, 00:34:18, 26.1, 43.48
2023-11-09, 00:34:20, 26.09, 43.45
2023-11-09, 00:34:22, 25.93, 43.46
2023-11-09, 00:34:23, 26.04, 43.51
2023-11-09, 00:34:24, 26.07, 43.51
2023-11-09, 00:34:26, 26.08, 43.55
2023-11-09, 00:34:27, 26.09, 43.48
2023-11-09, 00:34:29, 26.09, 43.48
2023-11-09, 00:34:30, 26.09, 43.48
2023-11-09, 00:34:31, 26.1, 43.45
2023-11-09, 00:34:33, 26.1, 43.45
2023-11-09, 00:34:34, 26.1, 43.42
2023-11-09, 00:34:35, 26.1, 43.42
2023-11-09, 00:34:37, 26.1, 43.42
2023-11-09, 00:34:38, 26.1, 43.42
2023-11-09, 00:34:39, 26.11, 43.42
2023-11-09, 00:34:41, 26.12, 43.42
2023-11-09, 00:34:42, 26.13, 43.39
2023-11-09, 00:34:43, 26.12, 43.39
2023-11-09, 00:34:45, 26.13, 43.36
2023-11-09, 00:34:46, 26.14, 43.36
2023-11-09, 00:34:48, 26.14, 43.36
2023-11-09, 00:34:49, 26.15, 43.36
2023-11-09, 00:34:50, 26.14, 43.36
2023-11-09, 00:34:52, 26.14, 43.36
2023-11-09, 00:34:53, 26.14, 43.36
2023-11-09, 00:34:54, 26.13, 43.32
2023-11-09, 00:34:56, 26.14, 43.36
2023-11-09, 00:34:57, 26.13, 43.36
2023-11-09, 00:34:58, 26.13, 43.36
2023-11-09, 00:35:00, 26.12, 43.36
2023-11-09, 00:35:01, 26.12, 43.36
2023-11-09, 00:35:02, 26.12, 43.36
2023-11-09, 00:35:04, 26.12, 43.36
2023-11-09, 00:35:05, 26.13, 43.36
2023-11-09, 00:35:07, 26.14, 43.36
2023-11-09, 00:35:08, 26.14, 43.36
2023-11-09, 00:35:09, 26.14, 43.36
2023-11-09, 00:35:11, 26.14, 43.33
2023-11-09, 00:35:12, 26.15, 43.36
2023-11-09, 00:35:13, 26.14, 43.33
2023-11-09, 00:35:15, 26.15, 43.33
2023-11-09, 00:35:16, 26.16, 43.33
2023-11-09, 00:35:17, 26.15, 43.29
2023-11-09, 00:35:19, 26.15, 43.29
2023-11-09, 00:35:20, 26.16, 43.29
2023-11-09, 00:35:22, 26.16, 43.29
2023-11-09, 00:35:23, 26.16, 43.29
2023-11-09, 00:35:24, 26.17, 43.3
2023-11-09, 00:35:26, 26.16, 43.29
2023-11-09, 00:35:27, 26.18, 43.3
2023-11-09, 00:35:28, 26.17, 43.26
2023-11-09, 00:35:30, 26.17, 43.3
2023-11-09, 00:35:31, 26.17, 43.3
2023-11-09, 00:35:32, 26.16, 43.29
2023-11-09, 00:35:34, 26.16, 43.29
2023-11-09, 00:35:35, 26.15, 43.29
2023-11-09, 00:35:37, 26.13, 43.29
2023-11-09, 00:35:38, 26.13, 43.29
2023-11-09, 00:35:39, 26.13, 43.29
2023-11-09, 00:35:41, 26.14, 43.33
2023-11-09, 00:35:42, 26.12, 43.29
2023-11-09, 00:35:43, 26.13, 43.32
2023-11-09, 00:35:45, 26.12, 43.32
2023-11-09, 00:35:46, 26.14, 43.33
2023-11-09, 00:35:47, 26.15, 43.33
2023-11-09, 00:35:49, 26.14, 43.29
2023-11-09, 00:35:50, 26.14, 43.29
2023-11-09, 00:35:51, 26.13, 43.29
2023-11-09, 00:35:53, 26.15, 43.29
2023-11-09, 00:35:54, 26.15, 43.29
2023-11-09, 00:35:56, 26.14, 43.29
2023-11-09, 00:35:57, 26.13, 43.29
2023-11-09, 00:35:58, 26.13, 43.29
2023-11-09, 00:36:00, 26.13, 43.29
2023-11-09, 00:36:01, 26.12, 43.29
2023-11-09, 00:36:02, 26.12, 43.29
2023-11-09, 00:36:04, 26.1, 43.29
2023-11-09, 00:36:05, 26.11, 43.32
2023-11-09, 00:36:06, 26.11, 43.29
2023-11-09, 00:36:08, 26.11, 43.32
2023-11-09, 00:36:09, 26.13, 43.32
2023-11-09, 00:36:10, 26.12, 43.32
2023-11-09, 00:36:12, 26.14, 43.29
2023-11-09, 00:36:13, 26.14, 43.33
2023-11-09, 00:36:15, 26.14, 43.29
2023-11-09, 00:36:16, 26.13, 43.29
2023-11-09, 00:36:17, 26.13, 43.29
2023-11-09, 00:36:19, 26.14, 43.29
2023-11-09, 00:36:20, 26.14, 43.29
2023-11-09, 00:36:21, 26.12, 43.29
2023-11-09, 00:36:23, 26.11, 43.29
2023-11-09, 00:36:24, 26.1, 43.29
2023-11-09, 00:36:25, 26.1, 43.32
2023-11-09, 00:36:27, 26.09, 43.32
2023-11-09, 00:36:28, 26.09, 43.32
2023-11-09, 00:36:29, 26.1, 43.32
2023-11-09, 00:36:31, 26.11, 43.35
2023-11-09, 00:36:32, 26.12, 43.36
2023-11-09, 00:36:34, 26.12, 43.36
2023-11-09, 00:36:35, 26.12, 43.36
2023-11-09, 00:36:36, 26.12, 43.36
2023-11-09, 00:36:38, 26.12, 43.36
2023-11-09, 00:36:39, 26.11, 43.35
2023-11-09, 00:36:40, 26.12, 43.36
2023-11-09, 00:36:42, 26.11, 43.32
2023-11-09, 00:36:43, 26.12, 43.32
2023-11-09, 00:36:44, 26.12, 43.29
2023-11-09, 00:36:46, 26.12, 43.32
2023-11-09, 00:36:47, 26.1, 43.32
2023-11-09, 00:36:49, 26.1, 43.32
2023-11-09, 00:36:50, 26.1, 43.32
2023-11-09, 00:36:51, 26.1, 43.35
2023-11-09, 00:36:53, 26.11, 43.35
2023-11-09, 00:36:54, 26.1, 43.32
2023-11-09, 00:36:55, 26.1, 43.35
2023-11-09, 00:36:57, 26.1, 43.32
2023-11-09, 00:36:58, 26.1, 43.35
2023-11-09, 00:36:59, 26.1, 43.35
2023-11-09, 00:37:01, 26.11, 43.35
2023-11-09, 00:37:02, 26.09, 43.35
2023-11-09, 00:37:03, 26.07, 43.35
2023-11-09, 00:37:05, 26.08, 43.38
2023-11-09, 00:37:06, 26.07, 43.38
2023-11-09, 00:37:08, 26.07, 43.41
2023-11-09, 00:37:09, 26.07, 43.41
2023-11-09, 00:37:10, 26.07, 43.41
2023-11-09, 00:37:12, 26.07, 43.41
2023-11-09, 00:37:13, 26.08, 43.42
2023-11-09, 00:37:14, 26.06, 43.41
2023-11-09, 00:37:16, 26.06, 43.41
2023-11-09, 00:37:17, 26.04, 43.41
2023-11-09, 00:37:18, 26.06, 43.41
2023-11-09, 00:37:20, 26.07, 43.41
2023-11-09, 00:37:21, 26.06, 43.41
2023-11-09, 00:37:22, 26.08, 43.42
2023-11-09, 00:37:24, 26.08, 43.42
2023-11-09, 00:37:25, 26.07, 43.41
2023-11-09, 00:37:27, 26.08, 43.42
2023-11-09, 00:37:28, 26.08, 43.42
2023-11-09, 00:37:29, 26.06, 43.41
2023-11-09, 00:37:31, 26.06, 43.41
2023-11-09, 00:37:32, 26.06, 43.41
2023-11-09, 00:37:33, 26.06, 43.41
2023-11-09, 00:37:35, 26.06, 43.41
2023-11-09, 00:37:36, 26.06, 43.41
2023-11-09, 00:37:37, 26.07, 43.41
2023-11-09, 00:37:39, 26.06, 43.41
2023-11-09, 00:37:40, 26.06, 43.41
2023-11-09, 00:37:42, 26.07, 43.41
2023-11-09, 00:37:43, 26.08, 43.42
2023-11-09, 00:37:44, 26.07, 43.41
2023-11-09, 00:37:46, 26.07, 43.38
2023-11-09, 00:37:47, 26.06, 43.41
2023-11-09, 00:37:48, 26.06, 43.41
2023-11-09, 00:37:50, 26.06, 43.41
2023-11-09, 00:37:51, 26.06, 43.41
2023-11-09, 00:37:52, 26.06, 43.41
2023-11-09, 00:37:54, 26.05, 43.41
2023-11-09, 00:37:55, 26.06, 43.41
2023-11-09, 00:37:56, 26.06, 43.45
2023-11-09, 00:37:58, 26.05, 43.41
2023-11-09, 00:37:59, 26.06, 43.45
2023-11-09, 00:38:01, 26.05, 43.45
2023-11-09, 00:38:02, 26.07, 43.41
2023-11-09, 00:38:03, 26.06, 43.41
2023-11-09, 00:38:05, 26.06, 43.45
2023-11-09, 00:38:06, 26.05, 43.41
2023-11-09, 00:38:07, 26.04, 43.44
2023-11-09, 00:38:09, 26.05, 43.48
2023-11-09, 00:38:10, 26.03, 43.44
2023-11-09, 00:38:11, 26.02, 43.47
2023-11-09, 00:38:13, 26.02, 43.47
2023-11-09, 00:38:14, 26.03, 43.48
2023-11-09, 00:38:16, 26.03, 43.48
2023-11-09, 00:38:17, 26.02, 43.47
2023-11-09, 00:38:18, 25.99, 43.5
2023-11-09, 00:38:20, 25.99, 43.5
2023-11-09, 00:38:21, 25.98, 43.54
2023-11-09, 00:38:22, 25.98, 43.54
2023-11-09, 00:38:24, 25.98, 43.54
2023-11-09, 00:38:25, 25.98, 43.54
2023-11-09, 00:38:26, 25.99, 43.57
2023-11-09, 00:38:28, 25.99, 43.57
2023-11-09, 00:38:29, 25.99, 43.57
2023-11-09, 00:38:30, 25.98, 43.6
2023-11-09, 00:38:32, 25.98, 43.57
2023-11-09, 00:38:33, 26.0, 43.6
2023-11-09, 00:38:35, 26.0, 43.57
2023-11-09, 00:38:36, 25.99, 43.57
2023-11-09, 00:38:37, 26.0, 43.57
2023-11-09, 00:38:39, 25.99, 43.6
2023-11-09, 00:38:40, 25.98, 43.6
2023-11-09, 00:38:41, 25.99, 43.57
2023-11-09, 00:38:43, 25.99, 43.6
2023-11-09, 00:38:44, 25.97, 43.6
2023-11-09, 00:38:45, 25.98, 43.6
2023-11-09, 00:38:47, 25.95, 43.63
2023-11-09, 00:38:48, 25.97, 43.6
2023-11-09, 00:38:50, 25.96, 43.6
2023-11-09, 00:38:51, 25.97, 43.6
2023-11-09, 00:38:52, 25.96, 43.6
2023-11-09, 00:38:54, 25.95, 43.6
2023-11-09, 00:38:55, 25.96, 43.63
2023-11-09, 00:38:56, 25.95, 43.6
2023-11-09, 00:38:58, 25.94, 43.63
2023-11-09, 00:38:59, 25.95, 43.66
2023-11-09, 00:39:00, 25.94, 43.63
2023-11-09, 00:39:02, 25.94, 43.66
2023-11-09, 00:39:03, 25.95, 43.66
2023-11-09, 00:39:04, 25.96, 43.66
2023-11-09, 00:39:06, 25.96, 43.66
2023-11-09, 00:39:07, 25.95, 43.66
2023-11-09, 00:39:09, 25.95, 43.66
2023-11-09, 00:39:10, 25.96, 43.66
2023-11-09, 00:39:11, 25.95, 43.66
2023-11-09, 00:39:13, 25.96, 43.66
2023-11-09, 00:39:14, 25.95, 43.66
2023-11-09, 00:39:15, 25.96, 43.66
2023-11-09, 00:39:17, 25.97, 43.66
2023-11-09, 00:39:18, 25.96, 43.66
2023-11-09, 00:39:19, 25.97, 43.66
2023-11-09, 00:39:21, 25.98, 43.67
2023-11-09, 00:39:22, 25.97, 43.63
2023-11-09, 00:39:24, 25.97, 43.63
2023-11-09, 00:39:25, 25.98, 43.6
2023-11-09, 00:39:26, 25.97, 43.63
2023-11-09, 00:39:28, 25.97, 43.63
2023-11-09, 00:39:29, 25.98, 43.63
2023-11-09, 00:39:30, 25.97, 43.63
2023-11-09, 00:39:32, 25.97, 43.63
2023-11-09, 00:39:33, 25.97, 43.63
2023-11-09, 00:39:34, 25.98, 43.63
2023-11-09, 00:39:36, 25.97, 43.6
2023-11-09, 00:39:37, 25.96, 43.63
2023-11-09, 00:39:38, 25.96, 43.63
2023-11-09, 00:39:40, 25.94, 43.63
2023-11-09, 00:39:41, 25.93, 43.66
2023-11-09, 00:39:43, 25.92, 43.66
2023-11-09, 00:39:44, 25.93, 43.69
2023-11-09, 00:39:45, 25.92, 43.69
2023-11-09, 00:39:47, 25.92, 43.69
2023-11-09, 00:39:48, 25.93, 43.69
2023-11-09, 00:39:49, 25.92, 43.69
2023-11-09, 00:39:51, 25.92, 43.72
2023-11-09, 00:39:52, 25.92, 43.72
2023-11-09, 00:39:53, 25.9, 43.72
2023-11-09, 00:39:55, 25.92, 43.72
2023-11-09, 00:39:56, 25.91, 43.75
2023-11-09, 00:39:58, 25.91, 43.72
2023-11-09, 00:39:59, 25.92, 43.76
2023-11-09, 00:40:00, 25.92, 43.76
2023-11-09, 00:40:02, 25.92, 43.76
2023-11-09, 00:40:03, 25.89, 43.72
2023-11-09, 00:40:04, 25.93, 43.76
2023-11-09, 00:40:06, 25.93, 43.76
2023-11-09, 00:40:07, 25.93, 43.72
2023-11-09, 00:40:08, 25.95, 43.73
2023-11-09, 00:40:10, 25.94, 43.73
2023-11-09, 00:40:11, 25.96, 43.73
2023-11-09, 00:40:13, 25.94, 43.69
2023-11-09, 00:40:15, 25.76, 43.71
2023-11-09, 00:40:16, 25.89, 43.79
2023-11-09, 00:40:17, 25.92, 43.79
2023-11-09, 00:40:50, 25.91, 45.12
2023-11-09, 00:40:51, 25.57, 45.08
2023-11-09, 00:40:52, 25.65, 44.93
2023-11-09, 00:40:54, 25.7, 44.8
2023-11-09, 00:40:55, 25.74, 44.68
2023-11-09, 00:40:56, 25.76, 44.55
2023-11-09, 00:40:58, 25.78, 44.46
2023-11-09, 00:40:59, 25.78, 44.36
2023-11-09, 00:41:00, 25.81, 44.3
2023-11-09, 00:41:02, 25.82, 44.23
2023-11-09, 00:41:03, 25.82, 44.2
2023-11-09, 00:41:05, 25.83, 44.17
2023-11-09, 00:41:06, 25.84, 44.14
2023-11-09, 00:41:07, 25.86, 44.11
2023-11-09, 00:41:09, 25.86, 44.04
2023-11-09, 00:41:10, 25.87, 44.04
2023-11-09, 00:41:11, 25.88, 44.04
2023-11-09, 00:41:13, 25.88, 43.98
2023-11-09, 00:41:14, 25.87, 43.98
2023-11-09, 00:41:15, 25.89, 43.98
2023-11-09, 00:41:17, 25.89, 43.98
2023-11-09, 00:41:18, 25.89, 43.95
2023-11-09, 00:41:19, 25.9, 43.92
2023-11-09, 00:41:21, 25.91, 43.92
2023-11-09, 00:41:22, 25.92, 43.89
2023-11-09, 00:41:24, 25.93, 43.89
2023-11-09, 00:41:25, 25.94, 43.86
2023-11-09, 00:41:26, 25.93, 43.85
2023-11-09, 00:41:28, 25.94, 43.86
2023-11-09, 00:41:29, 25.93, 43.85
2023-11-09, 00:41:30, 25.94, 43.86
2023-11-09, 00:41:32, 25.94, 43.86
2023-11-09, 00:41:33, 25.94, 43.82
2023-11-09, 00:41:34, 25.95, 43.79
2023-11-09, 00:41:36, 25.95, 43.79
2023-11-09, 00:41:37, 25.94, 43.79
2023-11-09, 00:41:38, 25.94, 43.79
2023-11-09, 00:41:40, 25.95, 43.79
2023-11-09, 00:41:41, 25.95, 43.79
2023-11-09, 00:41:43, 25.94, 43.79
2023-11-09, 00:41:44, 25.94, 43.82
2023-11-09, 00:41:45, 25.95, 43.79
2023-11-09, 00:41:47, 25.94, 43.82
2023-11-09, 00:41:48, 25.94, 43.79
2023-11-09, 00:41:49, 25.94, 43.79
2023-11-09, 00:41:51, 25.94, 43.79
2023-11-09, 00:41:52, 25.94, 43.79
2023-11-09, 00:41:53, 25.95, 43.79
2023-11-09, 00:41:55, 25.96, 43.79
2023-11-09, 00:41:56, 25.94, 43.79
2023-11-09, 00:41:57, 25.95, 43.79
2023-11-09, 00:41:59, 25.96, 43.79
2023-11-09, 00:42:00, 25.97, 43.79
2023-11-09, 00:42:02, 25.98, 43.76
2023-11-09, 00:42:03, 26.0, 43.77
2023-11-09, 00:42:04, 26.0, 43.77
2023-11-09, 00:42:06, 26.0, 43.73
2023-11-09, 00:42:07, 26.01, 43.73
2023-11-09, 00:42:08, 25.98, 43.73
2023-11-09, 00:42:10, 25.98, 43.73
2023-11-09, 00:42:11, 25.98, 43.73
2023-11-09, 00:42:12, 25.98, 43.73
2023-11-09, 00:42:14, 25.98, 43.73
2023-11-09, 00:42:15, 25.97, 43.73
2023-11-09, 00:42:16, 25.98, 43.73
2023-11-09, 00:42:18, 25.98, 43.73
2023-11-09, 00:42:19, 25.98, 43.73
2023-11-09, 00:42:21, 26.0, 43.73
2023-11-09, 00:42:22, 25.99, 43.73
2023-11-09, 00:42:23, 26.0, 43.73
2023-11-09, 00:42:25, 25.99, 43.73
2023-11-09, 00:42:26, 25.98, 43.73
2023-11-09, 00:42:27, 25.98, 43.73
2023-11-09, 00:42:29, 25.98, 43.73
2023-11-09, 00:42:30, 25.99, 43.73
2023-11-09, 00:42:31, 25.99, 43.73
2023-11-09, 00:42:33, 26.0, 43.73
2023-11-09, 00:42:34, 26.0, 43.73
2023-11-09, 00:42:35, 25.98, 43.73
2023-11-09, 00:42:37, 26.0, 43.73
2023-11-09, 00:42:38, 26.0, 43.73
2023-11-09, 00:42:40, 25.99, 43.7
2023-11-09, 00:42:41, 25.99, 43.73
2023-11-09, 00:42:42, 26.0, 43.73
2023-11-09, 00:42:44, 26.0, 43.73
2023-11-09, 00:42:45, 26.01, 43.7
2023-11-09, 00:42:46, 26.0, 43.7
2023-11-09, 00:42:48, 26.0, 43.67
2023-11-09, 00:42:49, 26.01, 43.67
2023-11-09, 00:42:50, 26.01, 43.7
2023-11-09, 00:42:52, 26.0, 43.67
2023-11-09, 00:42:53, 26.0, 43.67
2023-11-09, 00:42:54, 25.99, 43.67
2023-11-09, 00:42:56, 25.98, 43.67
2023-11-09, 00:42:57, 26.0, 43.7
2023-11-09, 00:42:58, 26.0, 43.7
2023-11-09, 00:43:00, 26.0, 43.7
2023-11-09, 00:43:01, 26.02, 43.7
2023-11-09, 00:43:03, 26.02, 43.67
2023-11-09, 00:43:04, 26.02, 43.67
2023-11-09, 00:43:05, 26.02, 43.67
2023-11-09, 00:43:07, 26.04, 43.67
2023-11-09, 00:43:08, 26.04, 43.64
2023-11-09, 00:43:09, 26.04, 43.64
2023-11-09, 00:43:11, 26.02, 43.64
2023-11-09, 00:43:12, 26.02, 43.64
2023-11-09, 00:43:13, 26.02, 43.6
2023-11-09, 00:43:15, 26.0, 43.6
2023-11-09, 00:43:16, 26.01, 43.64
2023-11-09, 00:43:18, 26.0, 43.64
2023-11-09, 00:43:19, 25.98, 43.63
2023-11-09, 00:43:20, 25.99, 43.67
2023-11-09, 00:43:22, 26.0, 43.67
2023-11-09, 00:43:23, 25.98, 43.67
2023-11-09, 00:43:24, 26.0, 43.67
2023-11-09, 00:43:26, 25.99, 43.67
2023-11-09, 00:43:27, 26.0, 43.67
2023-11-09, 00:43:28, 26.0, 43.7
2023-11-09, 00:43:30, 26.01, 43.7
2023-11-09, 00:43:31, 26.0, 43.7
2023-11-09, 00:43:32, 26.01, 43.67
2023-11-09, 00:43:34, 26.0, 43.67
2023-11-09, 00:43:35, 26.0, 43.67
2023-11-09, 00:43:37, 26.0, 43.67
2023-11-09, 00:43:38, 26.01, 43.7
2023-11-09, 00:43:39, 26.02, 43.7
2023-11-09, 00:43:41, 26.02, 43.67
2023-11-09, 00:43:42, 26.02, 43.67
2023-11-09, 00:43:43, 26.03, 43.67
2023-11-09, 00:43:45, 26.03, 43.64
2023-11-09, 00:43:46, 26.03, 43.67
2023-11-09, 00:43:47, 26.04, 43.64
2023-11-09, 00:43:49, 26.04, 43.64
2023-11-09, 00:43:50, 26.04, 43.61
2023-11-09, 00:43:51, 26.03, 43.61
2023-11-09, 00:43:53, 26.04, 43.61
2023-11-09, 00:43:54, 26.06, 43.61
2023-11-09, 00:43:56, 26.06, 43.61
2023-11-09, 00:43:57, 26.05, 43.58
2023-11-09, 00:43:58, 26.05, 43.61
2023-11-09, 00:44:00, 26.05, 43.61
2023-11-09, 00:44:01, 26.06, 43.61
2023-11-09, 00:44:02, 26.07, 43.58
2023-11-09, 00:44:04, 26.07, 43.61
2023-11-09, 00:44:05, 26.07, 43.58
2023-11-09, 00:44:06, 26.06, 43.58
2023-11-09, 00:44:08, 26.05, 43.58
2023-11-09, 00:44:09, 26.05, 43.58
2023-11-09, 00:44:10, 26.05, 43.58
2023-11-09, 00:44:12, 26.04, 43.57
2023-11-09, 00:44:13, 26.05, 43.58
2023-11-09, 00:44:15, 26.05, 43.61
2023-11-09, 00:44:16, 26.03, 43.61
2023-11-09, 00:44:17, 26.03, 43.61
2023-11-09, 00:44:19, 26.03, 43.61
2023-11-09, 00:44:20, 26.04, 43.61
2023-11-09, 00:44:21, 26.06, 43.61
2023-11-09, 00:44:23, 26.04, 43.61
2023-11-09, 00:44:24, 26.04, 43.61
2023-11-09, 00:44:25, 26.03, 43.61
2023-11-09, 00:44:27, 26.05, 43.58
2023-11-09, 00:44:28, 26.07, 43.58
2023-11-09, 00:44:30, 26.07, 43.58
2023-11-09, 00:44:31, 26.06, 43.58
2023-11-09, 00:44:32, 26.05, 43.54
2023-11-09, 00:44:34, 26.07, 43.58
2023-11-09, 00:44:35, 26.08, 43.55
2023-11-09, 00:44:36, 26.07, 43.55
2023-11-09, 00:44:38, 26.07, 43.55
2023-11-09, 00:44:39, 26.08, 43.55
2023-11-09, 00:44:40, 26.08, 43.55
2023-11-09, 00:44:42, 26.08, 43.55
2023-11-09, 00:44:43, 26.07, 43.51
2023-11-09, 00:44:44, 26.07, 43.51
2023-11-09, 00:44:46, 26.08, 43.55
2023-11-09, 00:44:47, 26.08, 43.55
2023-11-09, 00:44:48, 26.07, 43.55
2023-11-09, 00:44:50, 26.09, 43.52
2023-11-09, 00:44:51, 26.1, 43.52
2023-11-09, 00:44:53, 26.1, 43.52
2023-11-09, 00:44:54, 26.1, 43.52
2023-11-09, 00:44:55, 26.1, 43.55
2023-11-09, 00:44:57, 26.11, 43.52
2023-11-09, 00:44:58, 26.11, 43.48
2023-11-09, 00:44:59, 26.1, 43.48
2023-11-09, 00:45:01, 26.11, 43.48
2023-11-09, 00:45:02, 26.11, 43.48
2023-11-09, 00:45:03, 26.1, 43.48
2023-11-09, 00:45:05, 26.09, 43.48
2023-11-09, 00:45:06, 26.08, 43.48
2023-11-09, 00:45:07, 26.08, 43.48
2023-11-09, 00:45:09, 26.09, 43.48
2023-11-09, 00:45:10, 26.09, 43.52
2023-11-09, 00:45:12, 26.1, 43.48
2023-11-09, 00:45:13, 26.08, 43.51
2023-11-09, 00:45:14, 26.08, 43.51
2023-11-09, 00:45:16, 26.07, 43.51
2023-11-09, 00:45:17, 26.08, 43.51
2023-11-09, 00:45:18, 26.08, 43.51
2023-11-09, 00:45:20, 26.08, 43.51
2023-11-09, 00:45:21, 26.08, 43.51
2023-11-09, 00:45:22, 26.1, 43.52
2023-11-09, 00:45:24, 26.11, 43.52
2023-11-09, 00:45:25, 26.1, 43.52
2023-11-09, 00:45:26, 26.1, 43.52
2023-11-09, 00:45:28, 26.12, 43.49
2023-11-09, 00:45:29, 26.12, 43.49
2023-11-09, 00:45:30, 26.13, 43.49
2023-11-09, 00:45:32, 26.13, 43.49
2023-11-09, 00:45:33, 26.13, 43.45
2023-11-09, 00:45:35, 26.12, 43.42
2023-11-09, 00:45:36, 26.12, 43.45
2023-11-09, 00:45:37, 26.12, 43.45
2023-11-09, 00:45:39, 26.14, 43.42
2023-11-09, 00:45:40, 26.13, 43.42
2023-11-09, 00:45:41, 26.12, 43.42
2023-11-09, 00:45:43, 26.12, 43.42
2023-11-09, 00:45:44, 26.12, 43.42
2023-11-09, 00:45:45, 26.13, 43.45
2023-11-09, 00:45:47, 26.12, 43.42
2023-11-09, 00:45:48, 26.13, 43.45
2023-11-09, 00:45:49, 26.12, 43.45
2023-11-09, 00:45:51, 26.14, 43.46
2023-11-09, 00:45:52, 26.13, 43.42
2023-11-09, 00:45:53, 26.13, 43.42
2023-11-09, 00:45:55, 26.12, 43.42
2023-11-09, 00:45:56, 26.12, 43.45
2023-11-09, 00:45:58, 26.12, 43.42
2023-11-09, 00:45:59, 26.12, 43.45
2023-11-09, 00:46:00, 26.1, 43.45
2023-11-09, 00:46:02, 26.1, 43.45
2023-11-09, 00:46:03, 26.09, 43.45
2023-11-09, 00:46:04, 26.08, 43.48
2023-11-09, 00:46:06, 26.08, 43.48
2023-11-09, 00:46:07, 26.09, 43.48
2023-11-09, 00:46:08, 26.09, 43.48
2023-11-09, 00:46:10, 26.1, 43.48
2023-11-09, 00:46:11, 26.1, 43.48
2023-11-09, 00:46:12, 26.1, 43.48
2023-11-09, 00:46:14, 26.11, 43.48
2023-11-09, 00:46:15, 26.12, 43.49
2023-11-09, 00:46:17, 26.12, 43.45
2023-11-09, 00:46:18, 26.12, 43.42
2023-11-09, 00:46:19, 26.11, 43.45
2023-11-09, 00:46:21, 26.13, 43.45
2023-11-09, 00:46:22, 26.13, 43.45
2023-11-09, 00:46:23, 26.13, 43.42
2023-11-09, 00:46:25, 26.14, 43.42
2023-11-09, 00:46:26, 26.15, 43.42
2023-11-09, 00:46:27, 26.13, 43.42
2023-11-09, 00:46:29, 26.15, 43.39
2023-11-09, 00:46:30, 26.15, 43.42
2023-11-09, 00:46:31, 26.15, 43.39
2023-11-09, 00:46:33, 26.15, 43.39
2023-11-09, 00:46:34, 26.15, 43.36
2023-11-09, 00:46:35, 26.15, 43.39
2023-11-09, 00:46:37, 26.15, 43.39
2023-11-09, 00:46:38, 26.15, 43.36
2023-11-09, 00:46:40, 26.16, 43.36
2023-11-09, 00:46:41, 26.13, 43.39
2023-11-09, 00:46:42, 26.14, 43.36
2023-11-09, 00:46:44, 26.14, 43.39
2023-11-09, 00:46:45, 26.13, 43.39
2023-11-09, 00:46:46, 26.12, 43.39
2023-11-09, 00:46:48, 26.13, 43.42
2023-11-09, 00:46:49, 26.14, 43.42
2023-11-09, 00:46:50, 26.12, 43.42
2023-11-09, 00:46:52, 26.12, 43.42
2023-11-09, 00:46:53, 26.14, 43.42
2023-11-09, 00:46:54, 26.14, 43.42
2023-11-09, 00:46:56, 26.14, 43.39
2023-11-09, 00:46:57, 26.15, 43.42
2023-11-09, 00:46:58, 26.15, 43.39
2023-11-09, 00:47:00, 26.15, 43.39
2023-11-09, 00:47:01, 26.16, 43.39
2023-11-09, 00:47:03, 26.14, 43.39
2023-11-09, 00:47:04, 26.15, 43.39
2023-11-09, 00:47:05, 26.16, 43.36
2023-11-09, 00:47:07, 26.15, 43.36
2023-11-09, 00:47:08, 26.16, 43.39
2023-11-09, 00:47:09, 26.16, 43.36
2023-11-09, 00:47:11, 26.16, 43.36
2023-11-09, 00:47:12, 26.18, 43.36
2023-11-09, 00:47:13, 26.19, 43.36
2023-11-09, 00:47:15, 26.19, 43.36
2023-11-09, 00:47:16, 26.18, 43.36
2023-11-09, 00:47:17, 26.18, 43.33
2023-11-09, 00:47:19, 26.18, 43.36
2023-11-09, 00:47:20, 26.18, 43.36
2023-11-09, 00:47:22, 26.18, 43.36
2023-11-09, 00:47:23, 26.16, 43.36
2023-11-09, 00:47:24, 26.16, 43.36
2023-11-09, 00:47:26, 26.15, 43.36
2023-11-09, 00:47:27, 26.14, 43.36
2023-11-09, 00:47:28, 26.13, 43.39
2023-11-09, 00:47:30, 26.13, 43.39
2023-11-09, 00:47:31, 26.13, 43.42
2023-11-09, 00:47:32, 26.13, 43.42
2023-11-09, 00:47:34, 26.14, 43.42
2023-11-09, 00:47:35, 26.15, 43.42
2023-11-09, 00:47:36, 26.13, 43.42
2023-11-09, 00:47:38, 26.16, 43.43
2023-11-09, 00:47:39, 26.16, 43.43
2023-11-09, 00:47:40, 26.16, 43.39
2023-11-09, 00:47:42, 26.16, 43.43
2023-11-09, 00:47:43, 26.17, 43.39
2023-11-09, 00:47:45, 26.18, 43.4
2023-11-09, 00:47:46, 26.16, 43.39
2023-11-09, 00:47:47, 26.17, 43.36
2023-11-09, 00:47:49, 26.18, 43.36
2023-11-09, 00:47:50, 26.18, 43.36
2023-11-09, 00:47:51, 26.18, 43.36
2023-11-09, 00:47:53, 26.17, 43.36
2023-11-09, 00:47:54, 26.16, 43.36
2023-11-09, 00:47:55, 26.18, 43.4
2023-11-09, 00:47:57, 26.17, 43.36
2023-11-09, 00:47:58, 26.16, 43.39
2023-11-09, 00:47:59, 26.16, 43.36
2023-11-09, 00:48:01, 26.16, 43.39
2023-11-09, 00:48:02, 26.18, 43.36
2023-11-09, 00:48:03, 26.18, 43.36
2023-11-09, 00:48:05, 26.17, 43.36
2023-11-09, 00:48:06, 26.19, 43.36
2023-11-09, 00:48:08, 26.18, 43.36
2023-11-09, 00:48:09, 26.2, 43.36
2023-11-09, 00:48:10, 26.18, 43.36
2023-11-09, 00:48:12, 26.17, 43.36
2023-11-09, 00:48:13, 26.15, 43.36
2023-11-09, 00:48:14, 26.15, 43.36
2023-11-09, 00:48:16, 26.15, 43.39
2023-11-09, 00:48:17, 26.14, 43.39
2023-11-09, 00:48:18, 26.15, 43.42
2023-11-09, 00:48:20, 26.16, 43.43
2023-11-09, 00:48:21, 26.15, 43.42
2023-11-09, 00:48:22, 26.15, 43.42
2023-11-09, 00:48:24, 26.16, 43.43
2023-11-09, 00:48:25, 26.16, 43.43
2023-11-09, 00:48:26, 26.16, 43.43
2023-11-09, 00:48:28, 26.14, 43.42
2023-11-09, 00:48:29, 26.15, 43.42
2023-11-09, 00:48:31, 26.17, 43.43
2023-11-09, 00:48:32, 26.16, 43.43
2023-11-09, 00:48:33, 26.16, 43.39
2023-11-09, 00:48:35, 26.17, 43.39
2023-11-09, 00:48:36, 26.17, 43.39
2023-11-09, 00:48:37, 26.17, 43.39
2023-11-09, 00:48:39, 26.17, 43.36
2023-11-09, 00:48:40, 26.17, 43.39
2023-11-09, 00:48:41, 26.17, 43.36
2023-11-09, 00:48:43, 26.18, 43.36
2023-11-09, 00:48:44, 26.19, 43.4
2023-11-09, 00:48:45, 26.19, 43.36
2023-11-09, 00:48:47, 26.19, 43.36
2023-11-09, 00:48:48, 26.18, 43.36
2023-11-09, 00:48:50, 26.17, 43.36
2023-11-09, 00:48:51, 26.18, 43.36
2023-11-09, 00:48:52, 26.18, 43.36
2023-11-09, 00:48:54, 26.17, 43.36
2023-11-09, 00:48:55, 26.16, 43.36
2023-11-09, 00:48:56, 26.16, 43.36
2023-11-09, 00:48:58, 26.16, 43.36
2023-11-09, 00:48:59, 26.15, 43.39
2023-11-09, 00:49:00, 26.16, 43.39
2023-11-09, 00:49:02, 26.12, 43.39
2023-11-09, 00:49:03, 26.14, 43.42
2023-11-09, 00:49:04, 26.12, 43.39
2023-11-09, 00:49:06, 26.14, 43.42
2023-11-09, 00:49:07, 26.12, 43.42
2023-11-09, 00:49:08, 26.13, 43.42
2023-11-09, 00:49:10, 26.12, 43.45
2023-11-09, 00:49:11, 26.11, 43.48
2023-11-09, 00:49:13, 26.12, 43.49
2023-11-09, 00:49:14, 26.1, 43.48
2023-11-09, 00:49:15, 26.12, 43.49
2023-11-09, 00:49:17, 26.12, 43.49
2023-11-09, 00:49:18, 26.13, 43.49
2023-11-09, 00:49:19, 26.15, 43.46
2023-11-09, 00:49:21, 26.15, 43.46
2023-11-09, 00:49:22, 26.15, 43.46
2023-11-09, 00:49:23, 26.16, 43.43
2023-11-09, 00:49:25, 26.16, 43.43
2023-11-09, 00:49:26, 26.17, 43.39
2023-11-09, 00:49:27, 26.16, 43.43
2023-11-09, 00:49:29, 26.18, 43.4
2023-11-09, 00:49:30, 26.18, 43.4
2023-11-09, 00:49:31, 26.16, 43.36
2023-11-09, 00:49:33, 26.18, 43.36
2023-11-09, 00:49:34, 26.17, 43.36
2023-11-09, 00:49:36, 26.18, 43.36
2023-11-09, 00:49:37, 26.16, 43.36
2023-11-09, 00:49:38, 26.17, 43.36
2023-11-09, 00:49:41, 25.94, 43.4
2023-11-09, 00:49:42, 26.1, 43.45
2023-11-09, 00:49:43, 26.12, 43.49
2023-11-09, 00:49:45, 26.13, 43.49
2023-11-09, 00:49:46, 26.15, 43.46
2023-11-09, 00:49:47, 26.15, 43.42
2023-11-09, 00:49:49, 26.14, 43.42
2023-11-09, 00:49:50, 26.14, 43.42
2023-11-09, 00:49:51, 26.14, 43.42
2023-11-09, 00:49:53, 26.14, 43.42
2023-11-09, 00:49:54, 26.14, 43.42
2023-11-09, 00:49:56, 26.14, 43.42
2023-11-09, 00:49:57, 26.13, 43.42
2023-11-09, 00:49:58, 26.13, 43.42
2023-11-09, 00:50:00, 26.15, 43.39
